NIM,Nama,Tahun,Arsitektur dan Organisasi Komputer,Aljabar Linier dan Matriks,Pancasila,Etika Profesi,Pemrograman Dasar,Bahasa Indonesia,Basis Data,Jaringan Komputer,Agama Islam,Matematika Diskrit,Kecerdasan Buatan,Sains Komputasi,Struktur Data,Statistika,Pemrograman Berbasis Platform,Sistem Operasi,Kewarganegaraan,Pemrograman Berorientasi Obyek,Interaksi Manusia dan Komputer,Matematika,Total_SKS,IPK,Minat_Jurusan
220001,Iwan Lestari,2022,3.3,3.3,1.0,2.3,2.7,2.7,1.0,1.0,3.0,3.7,3.7,3.7,2.0,3.7,2.3,3.7,2.0,2.0,1.0,3.0,60,2.55,AI Engineering
220002,Euis Hidayat,2022,3.0,2.0,2.3,3.3,2.0,2.3,3.7,4.0,3.3,1.0,3.0,4.0,2.0,3.3,2.7,2.3,2.7,2.3,3.3,4.0,60,2.82,AI Engineering
220003,Euis Chaniago,2022,4.0,3.7,1.0,2.7,3.3,2.0,4.0,2.7,4.0,2.7,2.3,3.7,3.0,2.0,2.3,3.7,3.0,4.0,2.0,2.0,60,2.91,RPL
220004,Tania Pohan,2022,4.0,2.0,3.7,2.7,3.3,3.3,4.0,3.0,3.3,1.0,3.3,3.7,3.3,3.3,1.0,3.3,2.0,3.0,3.3,3.0,60,2.97,AI Engineering
220005,Iwan Al-Faris,2022,1.0,2.7,2.3,4.0,3.7,2.7,3.7,4.0,3.7,3.7,3.0,1.0,1.0,2.0,1.0,4.0,1.0,4.0,1.0,3.3,60,2.64,Cyber Security
220006,Aris Fitriani,2022,3.3,2.0,2.0,4.0,2.0,1.0,4.0,4.0,3.3,4.0,3.7,2.3,1.0,2.7,1.0,3.7,4.0,3.7,1.0,3.0,60,2.79,Cyber Security
220007,Rizky Ramadhan,2022,3.3,1.0,3.3,3.3,3.0,2.3,3.3,3.0,3.7,1.0,3.7,3.3,3.0,4.0,3.7,3.3,3.0,2.7,2.7,3.7,60,3.02,AI Engineering
220008,Zaki Lubis,2022,4.0,2.0,2.0,4.0,3.0,2.0,3.3,1.0,3.3,2.3,3.0,4.0,4.0,2.0,2.0,3.3,3.7,3.7,2.0,1.0,60,2.78,RPL
220009,Vina Aminah,2022,1.0,2.7,3.7,3.7,2.3,1.0,3.7,3.3,2.3,2.7,2.7,4.0,2.0,2.7,2.3,4.0,3.7,3.7,2.3,3.0,60,2.84,Cyber Security
220010,Joko Hardi,2022,1.0,1.0,2.0,4.0,4.0,3.7,4.0,1.0,2.0,2.7,3.7,2.3,4.0,3.3,2.3,4.0,2.7,3.3,1.0,1.0,60,2.65,RPL
220011,Rosa Sitepu,2022,1.0,3.3,2.0,2.7,3.0,3.0,3.3,2.3,3.3,3.3,4.0,3.7,1.0,3.0,1.0,2.0,4.0,3.3,3.0,3.3,60,2.77,AI Engineering
220012,Iwan Ramadhan,2022,2.7,2.3,3.0,3.0,2.3,2.7,2.3,3.7,3.3,2.7,2.3,3.0,2.0,2.7,3.0,4.0,1.0,1.0,3.7,3.0,60,2.69,Cyber Security
220013,Doni Rahayu,2022,2.0,2.0,3.3,2.3,3.3,2.7,3.0,2.3,3.7,3.7,2.3,3.3,3.0,3.3,4.0,3.7,1.0,3.3,3.0,2.7,60,2.9,RPL
220014,Dedi Zulkarnain,2022,2.3,2.0,3.0,2.3,1.0,3.7,4.0,2.0,3.7,3.0,3.7,3.7,2.3,3.3,3.3,4.0,1.0,2.3,2.3,4.0,60,2.84,AI Engineering
220015,Putu Lestari,2022,3.3,3.0,2.0,2.7,4.0,2.0,3.0,1.0,4.0,2.3,2.3,4.0,4.0,2.0,2.7,2.3,3.7,4.0,1.0,3.0,60,2.82,RPL
220016,Indah Harahap,2022,1.0,1.0,3.7,1.0,2.3,2.7,3.7,2.0,3.7,2.7,3.7,3.3,1.0,3.0,3.0,3.7,2.0,2.0,4.0,3.3,60,2.64,AI Engineering
220017,Laila Mahendra,2022,2.7,2.3,2.0,3.0,2.0,2.3,2.3,3.7,2.7,2.3,4.0,3.3,4.0,3.3,3.0,3.3,3.0,3.3,2.7,3.7,60,2.94,AI Engineering
220018,Iwan Barus,2022,2.3,4.0,2.3,2.7,2.0,2.0,2.7,3.3,3.7,4.0,3.3,3.3,3.0,3.0,2.0,3.3,3.0,2.0,4.0,3.7,60,2.98,AI Engineering
220019,Andi Susanto,2022,3.3,1.0,4.0,3.0,3.7,3.0,4.0,3.0,3.7,4.0,3.7,3.7,4.0,3.3,1.0,2.0,3.7,3.3,1.0,3.3,60,3.08,RPL
220020,Citra Saputra,2022,2.3,2.3,4.0,3.7,3.7,2.3,2.0,4.0,2.7,4.0,2.0,2.7,4.0,4.0,2.7,4.0,3.3,4.0,4.0,2.7,60,3.22,Cyber Security
220021,Citra Ginting,2022,3.3,3.7,3.0,3.0,1.0,2.7,2.3,3.7,3.7,4.0,2.7,4.0,3.3,1.0,3.3,3.0,2.7,1.0,2.0,4.0,60,2.87,Cyber Security
220022,Vina Setiawan,2022,2.3,2.0,2.3,3.7,4.0,1.0,1.0,4.0,2.3,2.3,1.0,2.0,1.0,3.0,2.3,3.0,2.3,3.3,1.0,2.0,60,2.29,Cyber Security
220023,Indah Hidayat,2022,1.0,3.3,4.0,4.0,3.0,2.3,1.0,2.0,2.7,3.0,3.7,3.3,2.0,3.7,2.3,2.3,3.0,4.0,3.7,3.7,60,2.9,AI Engineering
220024,Joko Chaniago,2022,2.0,3.7,3.3,3.3,4.0,2.3,2.0,2.3,3.7,2.3,4.0,4.0,2.0,3.7,3.0,1.0,3.7,1.0,1.0,3.3,60,2.78,AI Engineering
220025,Putu Siregar,2022,4.0,3.0,1.0,3.0,4.0,3.3,3.0,3.3,2.3,2.3,3.0,2.7,3.3,2.3,4.0,4.0,3.7,3.0,3.3,3.0,60,3.08,RPL
220026,Rosa Barus,2022,2.3,3.7,3.7,3.7,2.3,3.0,4.0,3.0,3.7,2.0,3.7,4.0,2.3,2.3,2.7,3.7,2.3,2.3,1.0,2.0,60,2.88,Cyber Security
220027,Gani Susanto,2022,4.0,2.7,3.7,2.3,4.0,1.0,3.3,2.0,1.0,4.0,3.7,2.7,4.0,2.3,3.7,2.3,1.0,3.3,2.0,2.0,60,2.75,RPL
220028,Aris Utami,2022,2.7,2.7,1.0,2.3,3.0,1.0,3.3,2.7,3.0,2.0,3.3,2.3,4.0,3.3,4.0,3.3,2.3,4.0,2.7,2.0,60,2.74,RPL
220029,Laila Pohan,2022,1.0,1.0,2.0,3.0,1.0,3.0,2.7,3.0,1.0,2.0,3.3,4.0,4.0,3.3,2.3,4.0,4.0,2.3,4.0,3.0,60,2.69,AI Engineering
220030,Dewi Saputra,2022,3.0,3.0,3.0,2.3,3.7,2.7,4.0,3.3,4.0,2.7,2.7,3.3,3.3,4.0,1.0,2.3,2.7,4.0,2.3,3.0,60,3.01,RPL
220031,Gani Siregar,2022,1.0,3.0,3.0,3.0,1.0,3.7,3.3,3.0,3.0,3.3,3.3,3.3,2.3,3.3,1.0,1.0,2.3,3.0,2.7,3.3,60,2.64,AI Engineering
220032,Euis Hardi,2022,1.0,3.3,2.7,3.7,2.7,2.0,2.3,3.0,1.0,3.7,2.3,2.7,4.0,3.7,2.3,3.3,2.7,1.0,3.3,4.0,60,2.73,Cyber Security
220033,Euis Pratama,2022,2.7,2.7,2.0,4.0,3.3,2.0,3.7,4.0,2.7,2.7,2.3,2.0,2.0,4.0,4.0,3.0,2.0,2.7,2.7,1.0,60,2.77,Cyber Security
220034,Made Mulyono,2022,2.0,2.7,3.7,3.3,3.7,1.0,3.0,3.3,2.0,4.0,3.3,1.0,3.7,1.0,2.0,3.7,2.0,3.0,2.0,3.3,60,2.69,RPL
220035,Indah Wulandari,2022,3.3,2.7,1.0,3.3,3.3,2.0,2.0,2.0,3.7,1.0,3.0,3.0,2.0,3.7,3.7,3.3,2.0,1.0,3.0,3.3,60,2.61,AI Engineering
220036,Bambang Fitriani,2022,3.0,2.0,2.3,3.0,3.0,3.0,2.3,4.0,3.0,2.3,4.0,3.7,2.3,4.0,3.7,2.7,2.3,4.0,4.0,3.3,60,3.09,AI Engineering
220037,Euis Harahap,2022,2.7,3.7,3.7,3.7,2.0,4.0,2.3,3.7,3.0,3.7,3.7,3.7,1.0,3.0,2.0,2.0,2.0,2.3,1.0,3.3,60,2.83,AI Engineering
220038,Dedi Hasibuan,2022,3.0,3.7,2.0,3.7,2.0,1.0,3.7,3.3,2.3,4.0,2.7,4.0,3.3,3.0,3.0,3.0,4.0,2.3,3.7,2.7,60,3.02,Cyber Security
220039,Agus Lubis,2022,1.0,1.0,4.0,3.3,2.3,3.0,4.0,4.0,2.7,2.7,2.7,2.7,3.7,2.7,3.3,3.0,3.7,3.0,2.0,4.0,60,2.94,Cyber Security
220040,Vina Wulandari,2022,1.0,2.0,2.7,3.7,1.0,4.0,3.7,2.3,3.3,2.7,3.0,4.0,2.7,4.0,3.7,3.7,4.0,3.7,2.3,3.0,60,3.03,AI Engineering
220041,Farhan Fitriani,2022,2.7,3.7,1.0,3.3,1.0,4.0,4.0,4.0,2.7,2.3,1.0,3.3,3.7,3.7,1.0,3.7,3.3,4.0,3.3,1.0,60,2.83,Cyber Security
220042,Fajar Sari,2022,2.0,1.0,3.3,3.7,3.3,2.3,1.0,2.3,3.3,1.0,3.7,3.7,2.3,3.3,3.3,2.3,4.0,2.7,3.7,3.0,60,2.76,AI Engineering
220043,Joko Barus,2022,2.3,2.0,3.3,3.7,3.0,2.3,2.0,3.0,4.0,1.0,2.7,2.7,4.0,2.3,2.0,3.3,3.3,2.0,3.0,4.0,60,2.79,Cyber Security
220044,Hendra Saputra,2022,3.3,3.3,1.0,3.0,4.0,2.0,3.7,3.0,3.0,1.0,2.7,2.0,2.7,1.0,2.0,3.3,4.0,2.0,4.0,2.7,60,2.69,Cyber Security
220045,Maya Lubis,2022,3.7,3.7,2.0,4.0,3.0,2.7,4.0,3.3,1.0,2.7,1.0,2.0,3.7,2.3,1.0,1.0,3.3,4.0,3.7,2.0,60,2.7,RPL
220046,Eko Lestari,2022,3.0,2.7,3.0,3.0,1.0,1.0,2.3,3.3,2.3,2.0,3.3,1.0,2.0,2.3,3.7,3.0,4.0,3.0,3.0,4.0,60,2.65,Cyber Security
220047,Euis Simanjuntak,2022,2.7,2.0,2.0,1.0,2.0,2.0,3.0,1.0,2.3,2.3,4.0,3.3,2.7,3.7,4.0,3.3,2.7,1.0,3.3,3.3,60,2.58,AI Engineering
220048,Citra Pasaribu,2022,4.0,2.7,2.7,2.0,4.0,1.0,3.3,2.3,3.0,3.3,2.7,3.7,3.0,3.7,2.0,2.7,2.0,3.0,4.0,3.3,60,2.92,RPL
220049,Lani Utami,2022,3.3,1.0,2.3,3.0,3.3,4.0,3.3,3.3,4.0,3.7,2.0,2.3,3.7,2.7,2.0,3.0,2.7,3.7,3.7,3.0,60,3.0,RPL
220050,Zaki Pratama,2022,3.0,2.7,2.7,4.0,3.7,2.0,4.0,2.0,4.0,4.0,1.0,2.0,4.0,1.0,2.3,3.7,2.3,4.0,1.0,1.0,60,2.72,RPL
220051,Budi Utami,2022,2.0,2.3,2.7,3.0,3.0,2.3,4.0,2.7,1.0,4.0,1.0,4.0,4.0,3.3,3.3,3.0,3.7,3.0,1.0,2.7,60,2.8,RPL
220052,Tania Ginting,2022,3.0,3.3,2.3,2.0,3.0,1.0,3.7,2.0,1.0,3.0,4.0,3.0,2.0,3.3,2.3,3.7,2.0,3.3,2.3,3.3,60,2.67,AI Engineering
220053,Ayu Manurung,2022,1.0,2.0,2.7,2.3,3.7,3.3,3.0,3.3,4.0,4.0,2.7,4.0,3.0,3.7,2.0,3.3,2.0,4.0,4.0,2.7,60,3.04,RPL
220054,Agus Santoso,2022,2.7,1.0,3.7,2.3,2.3,2.7,2.7,2.3,3.7,3.3,4.0,3.7,4.0,3.7,2.7,3.7,2.7,3.3,2.7,3.0,60,3.01,AI Engineering
220055,Dedi Ramadhan,2022,3.3,3.0,2.0,4.0,3.7,3.0,2.7,2.7,4.0,2.0,3.3,3.7,3.0,3.7,3.7,3.7,2.0,2.0,2.3,3.3,60,3.06,AI Engineering
220056,Ayu Siahaan,2022,3.7,1.0,2.3,3.7,3.7,2.7,3.3,2.0,1.0,3.7,3.3,2.0,4.0,2.7,2.7,4.0,1.0,3.3,2.3,4.0,60,2.82,RPL
220057,Rosa Simanjuntak,2022,1.0,1.0,3.7,4.0,2.0,3.7,1.0,3.7,3.3,2.0,4.0,3.3,3.0,3.7,3.0,3.3,2.7,4.0,2.7,2.3,60,2.87,Cyber Security
220058,Doni Sitepu,2022,2.3,4.0,3.7,2.7,3.0,4.0,3.0,1.0,1.0,3.3,1.0,2.0,3.0,3.7,3.7,1.0,2.7,4.0,2.7,1.0,60,2.64,RPL
220059,Euis Siregar,2022,2.0,2.3,3.3,3.7,1.0,3.3,1.0,4.0,4.0,2.0,2.3,2.7,3.7,3.0,2.3,3.0,3.7,2.7,1.0,2.3,60,2.67,Cyber Security
220060,Eko Barus,2022,3.7,2.0,2.3,2.0,2.7,2.7,1.0,3.7,2.3,4.0,3.7,3.3,3.7,4.0,3.7,2.3,2.3,2.7,3.7,3.7,60,2.98,AI Engineering
220061,Lani Siregar,2022,2.0,4.0,3.7,2.0,3.3,2.0,3.7,1.0,2.7,2.3,3.7,2.0,3.0,1.0,3.7,3.0,2.7,3.7,2.3,3.7,60,2.78,RPL
220062,Zaki Siahaan,2022,3.7,4.0,2.0,2.7,4.0,3.3,3.3,4.0,3.0,3.7,1.0,4.0,3.0,3.3,1.0,4.0,1.0,4.0,4.0,2.0,60,3.05,RPL
220063,Farhan Pratama,2022,2.0,2.3,4.0,3.7,1.0,3.7,2.7,3.3,2.7,3.7,2.3,3.3,2.3,3.0,2.0,3.7,2.7,4.0,3.7,2.0,60,2.91,Cyber Security
220064,Lani Fitriani,2022,2.7,3.3,2.7,3.3,1.0,2.3,3.7,3.0,3.3,3.0,2.7,2.7,2.7,3.7,3.3,3.7,2.3,3.0,2.7,2.3,60,2.87,Cyber Security
220065,Siska Hardi,2022,3.0,2.7,2.7,3.7,3.7,2.7,3.0,2.3,2.3,2.0,3.3,4.0,1.0,4.0,1.0,2.3,2.0,3.3,2.7,3.3,60,2.75,AI Engineering
220066,Rizky Barus,2022,2.3,2.0,2.7,3.3,3.7,3.7,3.3,4.0,3.7,4.0,2.0,2.0,1.0,3.7,3.0,3.7,3.0,4.0,3.3,2.0,60,3.02,Cyber Security
220067,Fajar Al-Faris,2022,3.3,2.3,2.3,3.3,2.0,3.0,3.3,2.3,2.3,4.0,3.0,3.7,2.7,4.0,2.7,2.7,3.7,3.0,4.0,3.7,60,3.07,AI Engineering
220068,Dadan Tanjung,2022,3.0,2.7,2.7,3.3,3.7,1.0,3.7,2.0,3.3,3.0,1.0,3.0,3.0,2.0,1.0,3.0,3.0,3.3,2.7,2.3,60,2.63,RPL
220069,Dadan Ginting,2022,2.3,3.0,2.0,4.0,3.3,3.7,2.7,1.0,2.7,2.3,3.7,3.3,4.0,3.7,2.3,3.0,3.7,2.3,2.3,4.0,60,2.96,AI Engineering
220070,Nina Rahayu,2022,3.0,1.0,4.0,3.3,2.3,2.7,4.0,4.0,4.0,3.7,2.3,2.3,3.7,3.0,3.0,3.0,2.3,4.0,4.0,3.3,60,3.14,Cyber Security
220071,Bagas Zulkarnain,2022,3.0,3.3,2.0,3.0,2.3,3.7,3.3,4.0,2.0,3.3,4.0,2.7,3.0,1.0,3.3,3.7,3.0,2.3,2.0,3.0,60,2.9,Cyber Security
220072,Zaki Pohan,2022,4.0,3.0,2.0,2.0,1.0,4.0,3.7,3.7,2.3,3.0,3.3,4.0,2.3,4.0,3.0,2.7,1.0,3.0,1.0,4.0,60,2.85,AI Engineering
220073,Putu Mahendra,2022,2.7,1.0,2.0,4.0,2.3,3.0,3.3,2.3,1.0,4.0,3.7,4.0,3.3,4.0,4.0,3.0,2.0,3.0,2.3,3.0,60,2.89,AI Engineering
220074,Rizky Simanjuntak,2022,1.0,3.0,2.0,3.0,2.3,4.0,1.0,3.3,3.7,4.0,3.3,2.7,3.0,2.3,2.7,3.0,2.0,1.0,4.0,3.0,60,2.72,Cyber Security
220075,Farhan Chaniago,2022,4.0,3.0,4.0,3.7,1.0,1.0,3.7,3.3,3.0,4.0,1.0,4.0,4.0,2.3,1.0,3.3,4.0,3.7,2.3,2.3,60,2.93,Cyber Security
220076,Indah Lestari,2022,2.0,1.0,4.0,2.3,2.0,4.0,2.0,3.7,2.3,3.3,4.0,3.3,3.0,4.0,2.7,3.7,3.0,3.0,2.7,3.7,60,2.99,AI Engineering
220077,Dedi Sembiring,2022,3.7,4.0,2.7,3.7,4.0,3.7,2.7,3.7,2.0,2.7,3.3,2.3,3.0,1.0,3.0,3.0,2.0,4.0,1.0,3.0,60,2.92,Cyber Security
220078,Aris Barus,2022,3.0,4.0,2.3,1.0,3.7,3.3,3.3,2.7,2.0,2.3,3.3,3.3,3.7,4.0,3.3,2.3,4.0,3.7,4.0,3.3,60,3.12,RPL
220079,Dewi Chaniago,2022,4.0,3.3,2.3,2.7,3.3,1.0,3.3,2.7,1.0,2.7,4.0,3.7,3.7,3.0,4.0,3.0,2.3,3.0,3.0,2.3,60,2.92,RPL
220080,Citra Barus,2022,2.7,1.0,3.7,2.7,1.0,2.0,2.3,3.3,2.3,1.0,3.3,3.7,1.0,3.3,2.3,2.0,1.0,3.0,1.0,3.0,60,2.28,AI Engineering
220081,Siska Situmorang,2022,4.0,1.0,2.3,4.0,3.0,2.0,3.0,2.7,2.0,2.0,3.3,2.0,3.0,2.0,4.0,3.3,2.3,3.0,3.7,3.3,60,2.79,RPL
220082,Dewi Manurung,2022,3.0,3.7,2.0,2.0,3.7,1.0,4.0,1.0,2.0,2.7,3.0,3.7,3.7,3.0,4.0,3.7,3.3,3.0,2.3,2.7,60,2.88,RPL
220083,Dedi Saputra,2022,3.7,3.7,4.0,2.7,3.7,2.3,3.0,4.0,4.0,3.0,3.7,3.7,4.0,4.0,3.0,4.0,3.7,4.0,3.7,4.0,60,3.6,AI Engineering
220084,Agus Simanjuntak,2022,2.3,2.3,1.0,2.7,3.3,3.7,1.0,3.7,4.0,3.0,3.3,3.0,3.0,3.0,1.0,1.0,3.7,2.0,2.0,4.0,60,2.65,AI Engineering
220085,Bambang Puspita,2022,2.0,3.7,2.3,2.7,3.3,1.0,3.0,2.3,2.0,2.7,3.7,2.3,4.0,2.7,1.0,2.7,2.0,4.0,2.3,2.0,60,2.58,RPL
220086,Dadan Wijaya,2022,3.0,1.0,2.7,3.0,2.7,2.7,3.7,3.3,2.7,2.7,3.7,3.0,4.0,3.7,4.0,2.7,1.0,3.0,4.0,3.7,60,3.02,AI Engineering
220087,Citra Harahap,2022,3.7,3.0,4.0,3.3,4.0,3.0,3.7,4.0,1.0,2.7,3.7,2.7,3.7,3.7,2.0,3.3,3.3,3.0,3.7,2.7,60,3.21,RPL
220088,Rina Puspita,2022,4.0,3.7,4.0,3.7,4.0,2.3,4.0,2.7,3.3,3.3,1.0,3.3,3.7,3.0,1.0,1.0,3.3,3.0,3.3,2.0,60,2.98,RPL
220089,Ayu Fitriani,2022,3.3,1.0,3.3,1.0,3.3,2.7,2.0,2.0,1.0,2.7,3.7,4.0,4.0,3.3,2.3,1.0,2.0,2.7,1.0,3.3,60,2.48,AI Engineering
220090,Tania Barus,2022,3.3,3.0,3.0,3.0,3.0,3.3,3.3,1.0,2.7,2.3,2.7,1.0,3.0,3.3,3.0,3.7,2.7,4.0,4.0,3.7,60,2.95,RPL
220091,Lani Tanjung,2022,1.0,3.3,2.0,3.3,4.0,3.7,3.7,3.7,3.7,3.0,3.3,3.3,2.7,3.7,3.0,3.0,3.0,3.0,3.3,3.3,60,3.15,AI Engineering
220092,Hendra Ramadhan,2022,4.0,2.3,2.0,1.0,4.0,2.3,4.0,2.3,4.0,3.0,3.7,3.7,3.7,3.7,4.0,2.3,3.0,1.0,1.0,3.7,60,2.94,AI Engineering
220093,Bagas Susanto,2022,2.0,3.3,2.7,2.0,2.0,2.7,3.7,3.0,2.3,4.0,3.3,3.7,2.3,4.0,1.0,2.7,2.7,2.3,2.0,3.3,60,2.75,AI Engineering
220094,Bambang Lestari,2022,3.7,2.0,4.0,2.7,4.0,1.0,3.7,4.0,3.3,3.3,4.0,3.0,3.0,1.0,2.7,2.3,3.0,3.3,2.7,4.0,60,3.04,RPL
220095,Dadan Harahap,2022,2.7,3.7,2.7,3.7,3.0,4.0,3.3,3.3,1.0,2.3,3.3,3.7,3.0,2.0,1.0,2.3,2.3,4.0,1.0,1.0,60,2.67,RPL
220096,Siti Mulyono,2022,1.0,3.7,2.7,3.7,3.7,3.0,2.3,3.3,3.3,2.7,2.0,2.3,3.7,1.0,4.0,3.0,3.0,3.0,4.0,2.0,60,2.87,Cyber Security
220097,Gita Puspita,2022,4.0,3.0,3.0,2.0,2.7,1.0,3.0,2.0,3.7,3.3,3.0,3.0,3.3,4.0,2.0,2.0,4.0,3.3,2.3,4.0,60,2.93,AI Engineering
220098,Dewi Kusuma,2022,2.3,3.7,3.7,2.0,3.7,2.3,3.3,2.0,4.0,2.0,1.0,2.3,3.3,2.3,4.0,1.0,3.0,4.0,2.7,2.0,60,2.73,RPL
220099,Rosa Siregar,2022,2.7,2.7,4.0,3.0,4.0,1.0,3.3,3.0,4.0,4.0,2.3,3.7,4.0,2.0,2.3,3.3,2.0,4.0,1.0,3.0,60,2.96,RPL
220100,Hendra Harahap,2022,3.3,1.0,2.7,3.0,3.0,3.7,4.0,2.3,3.7,2.0,3.3,4.0,2.7,3.3,2.3,2.3,2.7,4.0,2.0,4.0,60,2.96,AI Engineering
220101,Citra Situmorang,2022,2.3,4.0,2.0,3.3,4.0,4.0,2.3,4.0,2.7,3.3,4.0,3.7,3.7,2.7,3.7,4.0,1.0,2.7,3.0,3.3,60,3.19,Cyber Security
220102,Maya Kurniawan,2022,1.0,3.7,2.7,3.3,2.0,2.7,3.7,3.0,3.0,3.3,3.0,3.3,1.0,2.3,3.7,3.0,3.3,3.0,3.0,3.7,60,2.88,Cyber Security
220103,Rizky Sitepu,2022,2.3,3.3,2.7,2.3,4.0,3.7,3.7,2.7,1.0,3.7,3.7,3.3,2.3,3.3,2.7,3.0,3.7,3.3,2.0,4.0,60,3.03,AI Engineering
220104,Aris Susanto,2022,3.7,4.0,2.7,2.0,3.7,2.0,3.7,1.0,3.0,3.3,4.0,2.7,3.0,2.0,4.0,3.3,4.0,3.0,3.0,3.7,60,3.09,RPL
220105,Nina Wulandari,2022,3.7,3.0,1.0,2.7,2.0,3.3,2.7,2.3,2.3,2.7,4.0,3.7,3.0,3.0,3.7,2.3,3.7,3.7,4.0,3.7,60,3.03,AI Engineering
220106,Lani Barus,2022,2.7,3.3,4.0,3.7,2.7,3.7,3.3,2.7,2.7,2.0,3.7,3.7,1.0,3.7,3.0,2.3,2.7,3.7,4.0,3.3,60,3.1,AI Engineering
220107,Gani Al-Faris,2022,4.0,4.0,2.3,2.7,2.3,3.7,2.0,4.0,1.0,2.7,4.0,3.0,3.3,4.0,2.3,3.3,2.7,3.3,4.0,3.3,60,3.09,AI Engineering
220108,Bambang Wijaya,2022,2.7,2.0,3.7,3.3,2.7,3.0,4.0,4.0,2.7,2.7,2.3,3.0,3.0,4.0,4.0,3.3,2.0,2.7,3.3,2.0,60,3.02,Cyber Security
220109,Bambang Harahap,2022,2.0,3.3,4.0,2.0,3.7,2.3,1.0,4.0,4.0,3.3,3.7,4.0,3.0,3.3,3.7,4.0,3.7,2.0,2.3,4.0,60,3.17,AI Engineering
220110,Nyoman Simanjuntak,2022,3.0,4.0,3.7,4.0,3.7,4.0,3.7,2.0,2.3,2.0,2.7,3.0,4.0,3.3,2.0,2.3,3.0,4.0,2.3,1.0,60,3.0,RPL
220111,Putu Pohan,2022,3.3,3.3,1.0,2.7,2.0,3.7,3.7,2.0,4.0,2.0,3.0,4.0,3.0,3.3,2.0,4.0,1.0,3.3,3.7,3.7,60,2.94,AI Engineering
220112,Siska Harahap,2022,4.0,2.0,3.0,3.3,2.3,3.3,3.0,4.0,3.0,3.0,3.7,3.7,3.7,3.7,2.7,3.3,1.0,3.3,1.0,4.0,60,3.05,AI Engineering
220113,Taufik Susanto,2022,3.0,1.0,2.0,3.0,3.0,1.0,3.7,3.7,2.0,3.7,2.0,3.3,3.3,3.0,3.0,2.0,2.3,3.3,2.0,3.0,60,2.66,RPL
220114,Citra Siahaan,2022,1.0,2.0,3.7,1.0,3.3,1.0,4.0,2.0,3.7,3.0,3.0,3.3,2.0,3.0,3.7,1.0,3.7,1.0,2.0,3.7,60,2.56,AI Engineering
220115,Ayu Manurung,2022,1.0,2.0,2.0,3.0,3.7,2.3,2.0,2.7,1.0,3.0,3.3,3.3,1.0,3.3,3.0,2.3,1.0,2.3,2.7,3.7,60,2.43,AI Engineering
220116,Tania Tanjung,2022,2.0,2.7,2.7,3.3,4.0,2.7,2.7,2.0,2.0,3.3,3.7,3.0,3.0,3.3,1.0,3.3,1.0,2.0,2.0,3.7,60,2.67,AI Engineering
220117,Euis Pasaribu,2022,1.0,2.7,2.3,2.7,3.7,1.0,4.0,2.0,4.0,3.7,1.0,3.7,4.0,2.7,3.0,4.0,3.3,3.0,3.0,4.0,60,2.94,RPL
220118,Nyoman Setiawan,2022,1.0,3.7,2.7,4.0,1.0,2.7,3.3,3.7,1.0,4.0,3.3,3.7,2.3,3.0,1.0,3.7,3.7,4.0,3.7,3.7,60,2.96,AI Engineering
220119,Ayu Wijaya,2022,4.0,4.0,2.0,3.7,3.3,3.0,3.3,3.7,3.3,3.7,3.7,2.7,3.7,3.3,3.3,3.0,2.0,2.7,2.3,3.0,60,3.19,Cyber Security
220120,Gita Nasution,2022,3.3,2.3,3.3,3.3,2.0,2.7,3.7,1.0,2.3,2.3,3.7,3.7,1.0,4.0,3.7,2.0,3.7,2.3,4.0,3.7,60,2.9,AI Engineering
220121,Fajar Pohan,2022,2.7,3.3,4.0,2.7,3.3,1.0,3.7,1.0,1.0,4.0,1.0,4.0,3.0,1.0,4.0,3.3,3.3,3.7,2.0,2.3,60,2.71,RPL
220122,Nina Barus,2022,4.0,2.7,3.3,2.3,3.3,2.0,3.3,3.0,3.7,1.0,3.7,3.7,3.3,3.3,2.3,1.0,2.3,4.0,1.0,2.7,60,2.79,RPL
220123,Hana Kurniawan,2022,2.3,3.7,3.7,3.0,2.7,2.7,2.3,3.3,3.7,1.0,2.0,4.0,2.0,4.0,2.0,3.3,3.7,2.7,3.0,3.3,60,2.92,Cyber Security
220124,Fajar Manurung,2022,3.0,2.3,2.7,3.0,2.7,3.0,3.7,3.3,2.0,4.0,3.0,4.0,4.0,3.0,1.0,3.3,2.7,3.3,3.0,3.0,60,3.0,AI Engineering
220125,Gita Wijaya,2022,2.3,1.0,3.3,3.0,3.3,3.3,3.3,2.3,2.7,2.0,2.3,3.0,3.3,4.0,4.0,3.7,2.0,3.3,3.7,2.7,60,2.93,RPL
220126,Nyoman Kurniawan,2022,3.0,1.0,1.0,3.0,3.3,3.0,3.3,3.0,3.7,1.0,3.7,3.3,2.0,2.3,3.0,3.7,3.0,3.0,4.0,3.7,60,2.85,Cyber Security
220127,Dedi Setiawan,2022,1.0,3.3,3.3,2.7,3.7,3.3,3.7,2.7,3.7,3.3,3.3,3.3,1.0,3.7,2.7,2.7,2.7,4.0,1.0,3.0,60,2.91,AI Engineering
220128,Vina Rahayu,2022,3.3,3.7,3.3,4.0,3.3,3.7,2.0,3.7,2.7,3.7,3.0,4.0,3.7,3.7,2.0,4.0,3.3,2.7,4.0,3.0,60,3.34,Cyber Security
220129,Eko Fitriani,2022,3.7,1.0,4.0,2.7,3.3,4.0,3.3,4.0,3.0,3.7,1.0,2.0,3.0,1.0,2.3,3.7,3.3,3.3,2.0,3.7,60,2.9,RPL
220130,Aris Wijaya,2022,3.3,2.3,3.3,4.0,4.0,3.3,3.0,1.0,4.0,3.0,2.7,4.0,3.0,2.0,4.0,1.0,3.3,3.7,2.7,3.3,60,3.04,RPL
220131,Eko Saputra,2022,4.0,2.3,2.7,2.7,3.3,3.3,3.7,3.7,4.0,3.7,3.0,2.0,3.0,4.0,2.0,3.7,2.7,4.0,4.0,4.0,60,3.29,RPL
220132,Indah Fitriani,2022,1.0,2.3,3.0,2.3,3.7,3.7,3.3,2.3,3.0,2.0,1.0,3.7,4.0,3.3,2.0,2.3,4.0,3.7,3.3,2.3,60,2.81,RPL
220133,Dewi Barus,2022,3.0,4.0,3.3,3.7,4.0,2.3,3.3,3.7,3.7,2.0,1.0,3.3,3.0,2.7,4.0,3.0,3.7,3.3,1.0,2.0,60,3.0,RPL
220134,Lani Sitepu,2022,3.0,2.7,1.0,3.3,2.3,2.3,2.3,3.0,3.0,4.0,1.0,3.3,2.0,2.7,4.0,3.3,1.0,1.0,1.0,1.0,60,2.36,Cyber Security
220135,Putri Susanto,2022,1.0,3.0,3.7,2.3,3.3,3.3,3.3,2.7,3.7,2.0,4.0,1.0,3.3,2.0,4.0,3.3,2.0,4.0,3.7,2.7,60,2.92,RPL
220136,Joko Siregar,2022,3.7,2.0,1.0,4.0,3.7,3.7,2.3,3.3,4.0,2.0,3.3,3.3,3.0,2.0,2.0,3.7,3.0,3.7,3.7,3.3,60,3.04,Cyber Security
220137,Taufik Mahendra,2022,3.7,3.0,4.0,4.0,3.7,1.0,2.3,4.0,3.0,2.0,3.0,4.0,1.0,4.0,3.0,3.7,2.0,2.0,3.0,4.0,60,3.02,AI Engineering
220138,Bagas Utami,2022,2.3,4.0,2.7,2.0,2.3,4.0,3.7,3.0,1.0,3.7,4.0,4.0,4.0,3.0,4.0,1.0,3.7,2.0,2.0,4.0,60,3.02,AI Engineering
220139,Dadan Pasaribu,2022,3.3,1.0,3.0,3.7,4.0,2.0,2.3,4.0,2.0,2.0,4.0,3.7,2.0,3.3,2.0,3.0,2.3,2.0,3.0,2.0,60,2.73,Cyber Security
220140,Farhan Saputra,2022,3.7,2.3,4.0,2.3,3.3,4.0,3.0,2.3,3.0,2.7,1.0,2.3,3.0,2.0,3.7,3.0,2.7,3.0,2.3,4.0,60,2.88,RPL
220141,Hendra Ginting,2022,3.0,1.0,2.0,2.0,4.0,2.0,4.0,2.3,2.7,1.0,3.0,3.0,3.0,2.3,2.7,3.7,1.0,3.0,4.0,2.0,60,2.58,RPL
220142,Nyoman Santoso,2022,3.7,3.7,3.7,2.0,3.0,2.7,3.7,1.0,1.0,1.0,1.0,2.3,3.7,2.7,4.0,2.7,1.0,4.0,3.7,2.0,60,2.63,RPL
220143,Zaki Wijaya,2022,2.7,3.3,3.7,2.0,3.0,3.0,3.0,1.0,3.7,3.7,2.3,2.3,3.0,2.3,2.7,3.7,3.0,4.0,4.0,2.7,60,2.96,RPL
220144,Aris Hardi,2022,2.0,2.7,3.0,3.0,2.0,2.7,2.7,4.0,3.0,2.0,3.0,2.7,2.3,4.0,3.7,3.0,2.7,2.7,4.0,2.7,60,2.9,Cyber Security
220145,Doni Manurung,2022,3.0,2.3,2.3,3.7,3.0,4.0,3.7,2.3,1.0,4.0,2.3,2.0,3.7,3.7,2.7,1.0,3.0,4.0,2.7,3.0,60,2.87,RPL
220146,Dewi Lestari,2022,3.0,2.7,4.0,2.3,3.7,1.0,2.0,4.0,2.0,3.0,3.3,4.0,2.0,3.7,3.0,2.0,2.7,2.7,3.7,3.3,60,2.91,AI Engineering
220147,Citra Fitriani,2022,3.7,2.3,3.3,3.3,3.3,2.0,3.7,3.3,4.0,3.3,2.0,2.3,3.3,2.3,3.3,3.7,2.7,3.0,4.0,4.0,60,3.14,RPL
220148,Dedi Rahayu,2022,3.3,2.3,2.7,2.7,3.7,2.3,3.0,2.7,4.0,1.0,2.7,3.3,3.7,3.3,4.0,4.0,2.0,4.0,3.7,2.7,60,3.06,RPL
220149,Gani Hidayat,2022,1.0,3.7,1.0,1.0,3.3,3.7,2.7,3.0,1.0,2.3,3.0,3.0,3.0,3.3,1.0,1.0,2.3,3.3,4.0,3.3,60,2.49,AI Engineering
220150,Hana Santoso,2022,3.0,1.0,2.3,2.7,4.0,2.0,2.7,1.0,2.0,1.0,3.3,3.0,2.7,4.0,2.7,3.7,2.0,3.3,2.0,3.7,60,2.61,AI Engineering
220151,Doni Al-Faris,2022,1.0,3.0,2.3,4.0,3.0,3.3,2.3,4.0,3.3,1.0,3.7,3.7,3.0,4.0,2.0,2.7,2.0,4.0,2.0,4.0,60,2.92,AI Engineering
220152,Dadan Santoso,2022,2.7,2.0,3.7,3.0,3.0,2.0,3.3,1.0,1.0,2.0,3.7,1.0,4.0,4.0,2.0,2.0,2.3,3.3,2.0,2.3,60,2.51,RPL
220153,Eko Simanjuntak,2022,3.0,3.3,3.3,4.0,3.3,2.0,3.3,3.3,4.0,2.7,1.0,2.0,4.0,4.0,3.0,4.0,2.0,3.0,4.0,2.7,60,3.1,RPL
220154,Gita Nasution,2022,2.0,1.0,3.7,4.0,3.7,3.0,3.0,3.3,2.7,4.0,2.0,1.0,4.0,3.0,4.0,3.7,3.7,3.3,2.7,4.0,60,3.09,RPL
220155,Siti Siregar,2022,3.3,3.0,3.3,2.7,4.0,2.0,3.3,3.0,1.0,1.0,1.0,3.0,3.7,1.0,2.0,3.3,2.7,3.0,2.3,2.3,60,2.54,RPL
220156,Rosa Ramadhan,2022,2.7,3.3,3.3,3.0,3.3,3.0,3.7,3.0,3.0,4.0,2.7,2.0,3.3,4.0,3.3,2.7,3.7,3.0,4.0,2.7,60,3.19,RPL
220157,Taufik Hidayat,2022,2.0,1.0,2.7,4.0,3.3,2.7,2.3,4.0,2.3,2.0,3.0,2.7,1.0,2.3,3.0,3.3,4.0,2.0,3.7,3.3,60,2.73,Cyber Security
220158,Rina Ramadhan,2022,1.0,1.0,2.3,2.0,3.7,2.7,3.0,2.7,3.0,3.0,3.0,3.3,4.0,4.0,2.3,4.0,2.0,2.0,2.0,3.0,60,2.7,AI Engineering
220159,Budi Puspita,2022,2.3,4.0,4.0,2.3,3.3,3.3,3.0,3.3,4.0,4.0,3.7,2.3,3.3,2.0,3.3,3.7,4.0,3.3,2.7,3.0,60,3.24,RPL
220160,Putri Hardi,2022,1.0,2.7,4.0,2.0,4.0,1.0,4.0,3.7,2.0,3.0,4.0,3.7,4.0,3.3,2.7,2.0,2.0,3.3,1.0,3.0,60,2.82,AI Engineering
220161,Aris Puspita,2022,2.3,3.7,2.7,3.7,3.7,3.3,2.7,3.7,4.0,3.3,3.7,3.3,3.3,4.0,3.7,4.0,4.0,3.7,2.3,2.0,60,3.35,Cyber Security
220162,Agus Ginting,2022,2.3,4.0,4.0,3.3,2.3,2.0,3.7,3.7,3.7,4.0,4.0,2.7,2.3,2.3,2.3,3.3,1.0,2.3,2.7,3.7,60,2.98,Cyber Security
220163,Aris Pasaribu,2022,3.0,2.7,3.3,3.0,2.3,3.0,2.3,3.0,3.3,3.3,4.0,4.0,2.3,4.0,2.7,3.7,3.0,2.3,2.3,3.0,60,3.02,AI Engineering
220164,Gani Kusuma,2022,2.7,2.7,3.3,3.0,2.3,1.0,3.3,4.0,2.7,3.3,3.3,3.0,2.0,2.7,3.7,3.7,2.7,3.3,2.0,2.3,60,2.85,Cyber Security
220165,Laila Barus,2022,1.0,3.7,3.0,3.0,2.0,2.7,2.3,4.0,3.7,2.0,2.0,4.0,4.0,2.0,3.3,3.7,2.0,2.7,4.0,3.0,60,2.91,Cyber Security
220166,Putri Aminah,2022,3.7,2.0,3.7,3.0,2.3,4.0,3.0,4.0,3.0,4.0,2.3,3.7,4.0,1.0,3.3,3.3,3.0,1.0,2.7,2.7,60,2.99,Cyber Security
220167,Joko Ginting,2022,3.0,3.7,1.0,4.0,3.0,3.0,4.0,3.7,2.3,4.0,1.0,3.3,3.7,3.7,2.3,3.7,3.3,3.7,2.3,3.3,60,3.1,RPL
220168,Dedi Hidayat,2022,2.7,3.7,2.0,3.3,3.7,1.0,1.0,3.7,2.3,2.0,3.3,3.3,4.0,4.0,3.3,3.3,4.0,3.3,3.3,3.0,60,3.01,AI Engineering
220169,Dedi Hidayat,2022,2.7,3.3,2.0,1.0,3.0,3.0,2.0,2.7,1.0,2.0,3.3,3.3,1.0,3.3,2.3,3.7,3.7,2.3,3.3,3.3,60,2.61,AI Engineering
220170,Gani Mahendra,2022,3.0,3.0,2.7,4.0,3.0,2.3,3.3,4.0,3.0,4.0,4.0,2.0,2.0,3.3,3.0,3.3,1.0,2.0,2.7,2.3,60,2.89,Cyber Security
220171,Dewi Kurniawan,2022,3.7,4.0,2.7,3.3,1.0,2.3,2.3,3.0,2.0,3.7,3.3,3.3,1.0,3.3,2.0,3.7,3.0,2.0,3.3,1.0,60,2.69,Cyber Security
220172,Nyoman Barus,2022,2.7,1.0,3.0,1.0,3.0,2.0,3.7,1.0,2.0,1.0,3.0,1.0,3.7,2.3,2.0,2.0,1.0,3.3,1.0,1.0,60,2.03,RPL
220173,Aris Pasaribu,2022,2.7,2.7,2.7,4.0,2.0,2.3,1.0,4.0,2.0,1.0,2.3,3.7,1.0,1.0,3.0,3.7,1.0,2.0,4.0,1.0,60,2.36,Cyber Security
220174,Bambang Wijaya,2022,4.0,3.7,4.0,3.3,3.0,3.7,3.3,3.3,2.7,2.7,2.0,3.7,1.0,3.3,4.0,3.7,3.3,4.0,4.0,3.3,60,3.3,Cyber Security
220175,Farhan Sitepu,2022,2.0,4.0,3.7,1.0,2.3,2.7,2.0,2.3,4.0,2.3,3.7,4.0,3.7,4.0,4.0,3.7,2.0,1.0,2.0,4.0,60,2.92,AI Engineering
220176,Andi Wulandari,2022,2.7,3.3,2.7,2.0,3.7,3.0,3.0,4.0,3.7,3.7,2.7,3.0,3.3,3.3,3.7,3.7,2.0,3.7,3.7,2.0,60,3.15,RPL
220177,Siska Barus,2022,1.0,2.3,3.7,3.0,3.0,3.3,4.0,2.3,2.0,2.0,4.0,3.0,4.0,2.0,1.0,1.0,3.0,3.7,2.0,4.0,60,2.72,RPL
220178,Farhan Wijaya,2022,3.7,2.3,3.7,1.0,3.3,4.0,3.3,2.0,3.3,3.7,3.0,3.0,3.0,2.7,4.0,4.0,3.0,4.0,2.3,2.0,60,3.06,RPL
220179,Doni Mahendra,2022,3.3,3.7,3.3,1.0,4.0,4.0,4.0,3.0,2.0,3.3,4.0,2.7,3.0,3.3,2.3,2.0,3.0,3.0,1.0,4.0,60,3.0,RPL
220180,Rizky Mulyono,2022,3.3,2.0,2.0,1.0,4.0,2.7,4.0,4.0,3.0,3.0,3.3,3.7,4.0,3.3,2.3,3.3,2.0,3.3,3.7,2.0,60,2.99,RPL
220181,Nyoman Hidayat,2022,2.0,3.7,4.0,3.0,4.0,3.7,4.0,3.0,3.0,3.3,2.7,3.3,3.7,3.0,2.0,3.3,2.3,4.0,2.0,3.0,60,3.15,RPL
220182,Andi Kurniawan,2022,2.7,4.0,2.7,4.0,2.7,4.0,4.0,3.0,3.7,2.7,3.3,4.0,4.0,4.0,3.7,1.0,3.0,2.3,1.0,3.0,60,3.14,AI Engineering
220183,Rina Siahaan,2022,3.7,2.7,4.0,3.0,4.0,4.0,3.7,3.0,4.0,3.7,2.7,2.7,3.3,2.0,1.0,1.0,4.0,3.3,3.0,3.3,60,3.1,RPL
220184,Laila Susanto,2022,2.3,2.3,1.0,2.0,3.3,3.3,3.7,3.3,3.3,4.0,2.0,4.0,3.3,2.3,2.0,3.3,3.3,3.0,2.0,2.3,60,2.8,RPL
220185,Putri Kusuma,2022,1.0,3.0,3.3,3.7,2.0,3.7,2.7,2.3,3.7,2.0,3.0,3.3,3.7,3.7,3.3,3.0,4.0,3.3,3.3,3.0,60,3.05,AI Engineering
220186,Made Puspita,2022,2.0,2.3,2.0,3.0,3.0,2.7,4.0,3.3,2.0,1.0,3.3,3.7,1.0,3.7,2.7,1.0,3.7,2.3,3.3,4.0,60,2.7,AI Engineering
220187,Putu Chaniago,2022,3.7,3.3,3.0,3.3,2.3,3.3,3.3,4.0,2.7,2.7,2.7,4.0,3.7,3.3,2.0,3.3,2.0,3.0,3.0,3.0,60,3.08,Cyber Security
220188,Rina Lubis,2022,3.0,2.0,4.0,3.0,1.0,4.0,2.7,2.7,4.0,1.0,3.0,3.3,3.7,3.7,2.3,2.7,2.0,2.0,2.3,3.0,60,2.77,AI Engineering
220189,Rina Chaniago,2022,1.0,3.7,1.0,4.0,2.7,2.3,2.3,3.7,4.0,3.0,3.0,1.0,3.0,3.0,3.7,4.0,1.0,3.7,2.7,3.3,60,2.81,Cyber Security
220190,Rizky Sitepu,2022,3.3,4.0,2.0,4.0,3.7,3.3,1.0,3.7,2.7,3.7,2.7,1.0,2.0,3.0,3.0,3.7,1.0,2.7,3.3,3.0,60,2.84,Cyber Security
220191,Gani Hardi,2022,3.3,2.7,2.7,4.0,3.0,2.0,3.0,3.7,3.0,1.0,4.0,3.7,3.3,3.3,3.7,3.7,1.0,3.3,3.3,3.3,60,3.05,RPL
220192,Dadan Ramadhan,2022,2.7,4.0,3.3,4.0,2.0,2.3,3.7,3.0,1.0,3.0,2.3,3.0,3.0,1.0,4.0,3.7,3.7,3.7,2.0,2.7,60,2.91,Cyber Security
220193,Zaki Hardi,2022,2.7,1.0,4.0,3.3,2.3,3.0,3.0,3.7,2.0,2.7,3.0,3.3,3.0,2.3,4.0,3.7,3.3,3.3,3.0,3.7,60,3.01,Cyber Security
220194,Vina Pohan,2022,1.0,2.3,3.7,4.0,2.7,4.0,2.7,3.3,2.0,2.7,3.3,2.0,3.0,2.3,4.0,3.7,2.3,2.3,2.3,2.7,60,2.81,Cyber Security
220195,Andi Simanjuntak,2022,2.3,1.0,2.7,3.3,3.3,1.0,2.3,3.0,3.3,3.3,3.7,3.7,3.0,4.0,3.0,2.0,1.0,3.0,1.0,3.0,60,2.65,AI Engineering
220196,Farhan Tanjung,2022,2.0,1.0,2.3,3.7,4.0,3.7,4.0,4.0,3.3,4.0,2.0,3.3,4.0,2.7,3.0,2.7,2.3,3.7,2.7,2.7,60,3.06,RPL
220197,Dedi Siahaan,2022,2.3,4.0,3.3,3.0,3.7,4.0,3.3,3.0,2.0,1.0,2.7,2.7,2.0,3.7,2.0,3.0,4.0,2.7,1.0,3.0,60,2.82,Cyber Security
220198,Siska Santoso,2022,4.0,3.7,2.0,3.0,3.0,4.0,3.0,3.3,1.0,3.0,3.7,2.0,3.7,3.0,3.7,3.7,3.3,4.0,3.3,2.7,60,3.16,Cyber Security
220199,Rosa Harahap,2022,2.0,3.0,3.0,3.7,4.0,3.3,3.7,1.0,1.0,2.7,2.0,2.0,3.3,3.7,2.7,3.7,2.3,3.0,2.3,2.3,60,2.73,RPL
220200,Zaki Utami,2022,3.3,1.0,2.3,4.0,3.0,3.3,4.0,4.0,2.0,3.3,4.0,3.0,3.7,3.7,3.3,4.0,4.0,2.3,4.0,3.0,60,3.26,Cyber Security
230001,Iwan Siahaan,2023,2.3,2.7,2.7,3.0,2.7,1.0,1.0,3.7,3.3,2.0,3.3,4.0,2.0,3.7,2.0,3.3,1.0,4.0,1.0,2.3,60,2.55,Cyber Security
230002,Rina Zulkarnain,2023,3.3,3.7,3.0,3.7,2.3,2.7,3.7,4.0,3.7,2.7,2.7,2.0,2.0,1.0,3.7,3.3,3.7,3.3,2.7,3.0,60,3.01,Cyber Security
230003,Dewi Hardi,2023,3.0,3.0,3.7,1.0,3.3,2.3,3.7,2.3,2.3,3.3,3.0,2.3,3.0,2.7,3.0,2.3,3.0,3.0,3.7,4.0,60,2.9,RPL
230004,Aris Simanjuntak,2023,2.3,2.0,4.0,1.0,4.0,3.3,3.3,3.0,4.0,2.7,3.7,4.0,3.0,3.7,2.7,2.7,3.7,3.7,1.0,2.3,60,3.01,RPL
230005,Budi Siregar,2023,4.0,2.7,2.3,2.3,3.3,3.3,3.0,3.3,2.3,2.0,2.3,3.7,4.0,2.0,2.3,2.7,1.0,4.0,1.0,3.3,60,2.74,RPL
230006,Lani Pasaribu,2023,3.3,1.0,1.0,4.0,4.0,3.0,2.7,3.3,2.0,3.0,3.0,2.3,2.7,2.0,3.3,3.0,2.0,1.0,2.0,2.0,60,2.53,Cyber Security
230007,Lani Puspita,2023,2.7,1.0,2.0,4.0,3.0,3.7,2.7,3.0,1.0,4.0,3.7,2.7,4.0,2.3,3.0,4.0,2.0,3.3,1.0,3.3,60,2.82,Cyber Security
230008,Nyoman Sitepu,2023,1.0,1.0,1.0,2.3,3.0,4.0,3.0,2.7,2.0,1.0,3.3,3.0,2.7,3.3,2.0,2.7,3.0,2.7,2.7,4.0,60,2.52,AI Engineering
230009,Hana Siregar,2023,3.3,2.0,3.3,3.3,4.0,3.0,3.3,4.0,3.3,2.7,1.0,3.7,3.0,3.7,2.0,2.3,3.3,3.0,2.0,4.0,60,3.01,RPL
230010,Aris Kusuma,2023,3.0,3.7,3.3,3.3,2.3,4.0,4.0,3.0,4.0,2.7,3.7,2.0,3.3,2.7,3.0,3.7,3.0,2.7,3.0,2.7,60,3.16,Cyber Security
230011,Laila Saputra,2023,2.3,3.3,3.7,3.0,3.0,2.3,3.0,1.0,3.3,3.3,4.0,3.0,2.3,3.3,3.0,2.0,3.3,4.0,3.0,3.7,60,2.99,AI Engineering
230012,Hana Wijaya,2023,3.3,2.3,3.3,3.0,3.0,1.0,1.0,4.0,2.0,3.0,4.0,4.0,4.0,3.7,3.3,1.0,2.7,3.0,3.0,3.0,60,2.88,AI Engineering
230013,Putu Ramadhan,2023,3.3,3.0,2.0,3.7,3.3,4.0,3.3,3.0,2.7,2.7,3.3,4.0,3.7,2.3,4.0,3.7,2.7,2.0,3.7,3.3,60,3.19,Cyber Security
230014,Eko Al-Faris,2023,4.0,3.7,3.7,3.3,2.7,2.7,4.0,3.0,2.0,4.0,3.0,4.0,3.3,3.0,3.7,3.7,4.0,2.7,2.3,2.0,60,3.24,Cyber Security
230015,Tania Wijaya,2023,3.3,3.0,3.7,2.7,3.3,4.0,4.0,2.3,2.0,2.3,4.0,2.3,3.7,4.0,2.0,3.0,1.0,4.0,2.3,3.3,60,3.01,RPL
230016,Zaki Siregar,2023,3.0,2.0,3.7,3.0,3.3,3.3,3.3,3.3,1.0,4.0,4.0,3.3,4.0,4.0,4.0,3.7,3.3,2.3,4.0,3.7,60,3.31,AI Engineering
230017,Bagas Manurung,2023,3.7,2.0,2.7,4.0,2.3,3.0,3.3,3.0,2.7,3.0,1.0,3.7,3.0,4.0,2.7,3.0,2.3,4.0,4.0,2.3,60,2.98,Cyber Security
230018,Maya Hasibuan,2023,4.0,3.0,2.7,4.0,1.0,3.0,2.3,3.3,3.7,3.0,4.0,3.7,4.0,4.0,3.7,2.7,2.7,2.0,3.7,3.3,60,3.19,AI Engineering
230019,Citra Sari,2023,2.7,3.0,3.3,1.0,4.0,3.0,3.0,4.0,2.7,3.0,2.3,1.0,3.3,1.0,3.7,2.3,3.7,4.0,2.3,4.0,60,2.86,RPL
230020,Budi Mulyono,2023,3.7,2.0,3.7,1.0,3.7,3.7,2.0,2.0,4.0,1.0,3.3,3.7,2.7,3.7,2.7,2.0,3.7,3.0,2.0,4.0,60,2.88,AI Engineering
230021,Hendra Susanto,2023,3.7,2.3,3.3,1.0,3.7,3.7,3.0,2.7,2.0,2.0,4.0,2.7,3.7,2.3,3.7,4.0,3.0,4.0,1.0,2.0,60,2.89,RPL
230022,Made Ginting,2023,3.0,4.0,3.7,2.7,3.7,3.7,1.0,3.3,4.0,2.0,4.0,3.0,2.7,4.0,2.0,3.3,1.0,3.7,2.7,3.7,60,3.06,AI Engineering
230023,Dedi Kusuma,2023,2.3,4.0,3.3,4.0,3.0,3.3,3.3,3.3,2.3,4.0,2.3,3.7,3.0,3.0,3.7,2.7,2.0,3.0,4.0,1.0,60,3.06,RPL
230024,Gani Setiawan,2023,4.0,2.7,1.0,4.0,2.3,2.0,2.0,3.3,1.0,1.0,4.0,3.7,1.0,3.7,4.0,4.0,3.7,1.0,3.3,3.0,60,2.74,Cyber Security
230025,Indah Sembiring,2023,3.3,1.0,2.0,3.7,1.0,1.0,1.0,3.0,2.7,4.0,2.0,2.3,1.0,3.7,2.7,3.0,4.0,3.0,3.0,2.0,60,2.47,Cyber Security
230026,Nyoman Barus,2023,2.3,2.3,3.3,3.3,2.0,2.3,2.0,3.0,2.3,4.0,3.0,2.0,1.0,3.3,3.0,3.7,2.7,3.0,3.0,3.7,60,2.76,Cyber Security
230027,Fajar Pasaribu,2023,4.0,3.7,2.7,3.3,4.0,2.7,3.7,3.0,2.0,3.3,3.7,4.0,3.3,2.0,3.7,3.7,2.7,3.0,3.7,2.7,60,3.25,Cyber Security
230028,Zaki Susanto,2023,4.0,2.3,2.0,1.0,3.7,2.7,1.0,2.3,4.0,2.0,4.0,3.0,2.3,3.0,2.0,2.0,2.3,3.7,2.7,4.0,60,2.7,AI Engineering
230029,Dedi Saputra,2023,1.0,3.3,3.0,3.7,1.0,2.7,4.0,3.3,3.7,3.3,3.0,4.0,3.0,4.0,2.0,2.0,3.7,2.0,3.3,3.7,60,2.99,AI Engineering
230030,Rosa Tanjung,2023,3.7,4.0,3.7,4.0,1.0,3.7,2.7,4.0,3.3,2.3,2.0,2.3,3.0,2.7,1.0,4.0,2.3,1.0,4.0,4.0,60,2.93,Cyber Security
230031,Putu Pratama,2023,3.3,3.7,1.0,4.0,4.0,3.0,3.7,3.0,3.0,2.7,2.3,4.0,2.7,2.7,3.7,3.3,2.7,3.7,2.3,3.7,60,3.13,Cyber Security
230032,Putri Setiawan,2023,2.3,3.3,2.0,1.0,3.3,4.0,3.7,3.7,2.0,2.3,1.0,1.0,4.0,1.0,1.0,4.0,3.0,3.3,1.0,2.7,60,2.48,RPL
230033,Gita Lestari,2023,4.0,1.0,2.3,2.7,3.7,2.0,3.0,3.3,2.7,3.3,2.0,3.3,3.3,2.7,1.0,3.0,3.3,3.0,1.0,2.3,60,2.64,RPL
230034,Dedi Hasibuan,2023,2.0,2.7,1.0,3.7,3.7,2.3,3.3,3.0,2.0,1.0,3.3,3.7,3.7,4.0,3.7,4.0,2.3,3.7,1.0,2.0,60,2.81,RPL
230035,Hendra Lubis,2023,3.0,3.7,2.0,3.3,4.0,3.3,3.0,3.3,4.0,4.0,1.0,3.3,4.0,3.3,3.0,1.0,3.3,3.0,4.0,2.7,60,3.11,RPL
230036,Rosa Wijaya,2023,3.7,1.0,3.3,3.0,2.3,2.0,4.0,2.7,2.0,3.0,3.3,3.3,3.7,4.0,1.0,2.3,3.3,2.7,2.3,3.7,60,2.83,AI Engineering
230037,Dewi Ramadhan,2023,2.3,3.7,3.7,4.0,4.0,3.0,1.0,1.0,3.3,2.0,3.7,3.3,2.3,4.0,3.7,4.0,2.0,2.7,1.0,3.7,60,2.92,AI Engineering
230038,Agus Susanto,2023,2.7,2.3,1.0,3.7,1.0,2.0,2.7,1.0,4.0,3.7,3.3,3.0,4.0,3.7,2.3,2.7,2.7,3.3,2.0,3.0,60,2.71,AI Engineering
230039,Fajar Lestari,2023,2.0,3.7,4.0,4.0,3.0,2.0,3.0,4.0,1.0,3.7,1.0,2.7,3.0,3.3,3.3,3.0,3.7,2.0,2.7,2.0,60,2.85,Cyber Security
230040,Tania Siahaan,2023,4.0,1.0,2.7,2.7,3.7,2.7,4.0,3.7,2.7,3.3,1.0,2.3,3.3,4.0,3.3,4.0,1.0,3.7,2.0,4.0,60,2.95,RPL
230041,Iwan Ramadhan,2023,2.0,1.0,3.3,2.3,1.0,2.0,2.0,4.0,3.0,3.7,3.3,3.7,1.0,4.0,3.0,3.3,2.0,3.0,3.7,3.0,60,2.71,AI Engineering
230042,Laila Kurniawan,2023,3.3,3.3,2.7,3.3,3.0,4.0,2.0,2.7,3.0,4.0,3.7,3.7,3.7,3.7,2.7,3.7,3.3,1.0,3.3,3.7,60,3.19,AI Engineering
230043,Made Tanjung,2023,2.0,3.0,2.3,3.7,3.7,3.0,3.7,3.3,3.7,1.0,2.0,1.0,3.3,2.3,3.7,3.0,3.3,2.7,3.7,4.0,60,2.92,Cyber Security
230044,Taufik Aminah,2023,3.7,2.3,3.7,2.3,3.3,3.7,4.0,1.0,2.7,4.0,3.3,3.3,2.7,3.3,3.7,3.0,3.0,3.3,2.0,3.7,60,3.1,AI Engineering
230045,Nina Wijaya,2023,3.7,4.0,1.0,2.3,3.0,3.0,3.3,1.0,3.0,1.0,3.3,4.0,3.7,2.7,2.0,3.0,2.3,3.0,2.7,1.0,60,2.65,RPL
230046,Andi Saputra,2023,3.3,4.0,3.7,3.3,2.7,2.3,2.3,3.3,4.0,1.0,2.3,3.0,4.0,2.3,3.0,3.0,3.3,3.0,3.7,3.3,60,3.04,Cyber Security
230047,Zaki Fitriani,2023,3.7,2.3,2.0,2.0,4.0,3.7,2.7,1.0,4.0,4.0,3.7,3.3,2.7,3.7,3.3,3.7,4.0,2.0,2.0,4.0,60,3.09,AI Engineering
230048,Siti Zulkarnain,2023,2.0,4.0,2.7,2.3,4.0,2.3,4.0,2.7,4.0,2.3,2.3,1.0,4.0,3.3,3.7,3.0,4.0,4.0,2.3,3.0,60,3.04,RPL
230049,Nina Zulkarnain,2023,3.3,2.7,2.0,3.3,2.0,3.7,3.0,3.7,2.0,1.0,3.7,2.7,2.3,2.3,3.7,3.0,3.7,4.0,2.3,4.0,60,2.92,Cyber Security
230050,Dedi Mulyono,2023,3.0,1.0,4.0,3.0,3.3,3.3,4.0,2.7,2.0,3.0,1.0,2.7,3.0,3.0,3.0,3.3,2.0,4.0,1.0,1.0,60,2.67,RPL
230051,Budi Mulyono,2023,4.0,2.3,2.7,4.0,4.0,3.0,3.7,2.7,3.0,2.7,1.0,1.0,3.0,4.0,2.3,2.3,3.7,3.7,2.3,1.0,60,2.82,RPL
230052,Gita Nasution,2023,2.7,3.7,2.0,3.7,3.0,2.7,3.7,3.7,3.7,3.3,3.7,3.7,3.7,3.0,3.7,2.3,3.7,2.7,4.0,3.0,60,3.29,AI Engineering
230053,Andi Sari,2023,4.0,2.7,3.3,2.3,4.0,1.0,3.0,4.0,2.0,4.0,4.0,2.0,4.0,1.0,3.3,2.3,4.0,4.0,1.0,2.7,60,2.93,RPL
230054,Hana Pohan,2023,4.0,1.0,2.3,3.7,4.0,2.7,3.0,3.7,3.0,4.0,3.7,4.0,3.0,4.0,3.3,1.0,2.7,4.0,1.0,2.7,60,3.04,RPL
230055,Andi Ginting,2023,4.0,2.0,2.0,3.0,2.7,2.3,3.0,2.7,3.0,2.7,3.7,3.7,2.3,3.0,2.7,3.0,1.0,3.0,4.0,3.7,60,2.88,AI Engineering
230056,Siti Hasibuan,2023,1.0,3.7,4.0,3.3,3.0,3.3,3.3,2.3,2.3,3.3,2.0,3.3,3.7,3.0,2.3,2.3,2.3,3.7,3.3,2.7,60,2.91,RPL
230057,Gita Saputra,2023,3.0,4.0,2.0,2.7,3.3,1.0,4.0,3.7,1.0,2.0,2.3,3.3,3.0,1.0,4.0,1.0,2.0,3.7,1.0,3.0,60,2.55,RPL
230058,Laila Pohan,2023,3.3,2.3,2.3,2.3,2.7,4.0,3.3,3.0,3.7,2.7,3.3,3.0,2.0,3.3,3.0,2.0,3.7,3.0,4.0,3.7,60,3.03,AI Engineering
230059,Indah Hasibuan,2023,4.0,2.3,2.7,3.7,3.7,3.3,3.3,3.3,2.7,1.0,2.0,1.0,2.7,3.7,3.3,3.3,3.7,2.7,3.0,2.7,60,2.91,Cyber Security
230060,Siska Siahaan,2023,2.3,4.0,4.0,4.0,2.0,2.7,4.0,3.0,3.0,3.3,4.0,2.3,4.0,3.7,3.0,3.7,2.0,4.0,1.0,4.0,60,3.2,Cyber Security
230061,Citra Nasution,2023,2.0,3.0,3.3,4.0,2.3,4.0,1.0,3.0,3.0,3.0,3.0,3.0,4.0,3.0,2.3,3.7,4.0,3.7,3.3,3.3,60,3.09,AI Engineering
230062,Rizky Siregar,2023,4.0,3.7,2.0,1.0,3.0,4.0,4.0,3.7,4.0,3.0,3.3,3.0,4.0,2.0,1.0,2.0,2.0,4.0,3.3,3.3,60,3.01,RPL
230063,Farhan Wulandari,2023,2.7,4.0,3.7,3.7,2.7,3.7,2.0,3.3,3.3,3.3,3.3,2.3,1.0,3.3,2.0,3.3,2.7,3.0,1.0,2.3,60,2.83,Cyber Security
230064,Rina Kusuma,2023,1.0,3.7,3.3,3.7,3.0,4.0,4.0,2.7,3.7,1.0,1.0,2.3,4.0,3.0,4.0,3.7,2.3,3.3,1.0,4.0,60,2.93,RPL
230065,Dadan Wijaya,2023,1.0,3.0,3.3,2.3,3.3,3.7,3.3,2.7,3.0,4.0,3.0,3.0,2.0,4.0,1.0,3.3,3.0,3.3,3.3,3.7,60,2.96,AI Engineering
230066,Laila Pasaribu,2023,2.0,2.3,1.0,3.0,2.3,2.0,3.7,3.0,2.7,2.7,3.0,2.7,2.3,3.7,3.0,4.0,4.0,3.3,2.0,4.0,60,2.83,Cyber Security
230067,Made Saputra,2023,4.0,1.0,3.0,3.0,2.0,2.0,2.0,4.0,4.0,1.0,3.0,2.3,2.3,2.7,3.7,3.7,2.7,1.0,3.3,3.0,60,2.69,Cyber Security
230068,Dedi Siahaan,2023,1.0,2.3,3.7,3.3,1.0,2.0,2.0,3.7,3.7,4.0,1.0,3.7,2.0,3.7,4.0,3.7,4.0,3.3,2.7,3.3,60,2.91,Cyber Security
230069,Bambang Hidayat,2023,1.0,2.7,3.3,2.7,3.3,2.0,2.0,3.0,1.0,2.7,4.0,3.7,3.7,3.3,1.0,4.0,2.3,4.0,3.0,3.0,60,2.78,AI Engineering
230070,Ayu Fitriani,2023,3.3,4.0,2.0,3.3,3.0,4.0,4.0,3.0,2.0,3.7,2.0,2.7,1.0,1.0,2.7,3.3,3.0,4.0,1.0,2.7,60,2.79,Cyber Security
230071,Budi Tanjung,2023,3.7,3.7,1.0,2.7,3.0,2.7,1.0,1.0,3.3,3.0,3.0,3.7,3.7,3.3,2.0,2.0,3.0,2.3,3.7,3.3,60,2.75,AI Engineering
230072,Rizky Chaniago,2023,4.0,3.7,2.7,2.0,4.0,3.0,2.7,3.0,1.0,3.3,4.0,4.0,3.3,3.7,2.7,2.0,3.7,2.3,2.0,3.3,60,3.02,AI Engineering
230073,Bagas Utami,2023,2.3,3.0,2.0,3.7,2.3,1.0,3.0,3.7,1.0,4.0,1.0,2.3,3.7,3.3,2.7,4.0,1.0,3.7,3.0,2.0,60,2.64,Cyber Security
230074,Ayu Kusuma,2023,2.3,3.0,1.0,4.0,2.0,2.3,3.3,3.0,2.7,1.0,3.3,2.7,1.0,2.7,2.7,3.7,4.0,3.3,3.3,3.3,60,2.73,Cyber Security
230075,Dedi Pasaribu,2023,2.3,3.7,1.0,3.7,3.3,2.0,2.7,4.0,4.0,1.0,1.0,2.0,2.3,1.0,3.0,3.7,3.0,2.0,1.0,2.3,60,2.45,Cyber Security
230076,Hendra Saputra,2023,3.7,1.0,3.3,2.7,4.0,4.0,3.3,2.0,2.7,1.0,3.0,4.0,3.0,4.0,2.7,2.0,2.3,4.0,2.3,4.0,60,2.95,RPL
230077,Putri Al-Faris,2023,3.0,4.0,3.3,2.0,3.3,3.0,1.0,1.0,3.7,4.0,3.3,3.0,3.7,3.3,2.0,4.0,3.7,2.3,3.3,4.0,60,3.04,AI Engineering
230078,Joko Siregar,2023,2.0,4.0,4.0,1.0,3.3,2.7,4.0,3.0,3.3,4.0,3.0,4.0,3.0,2.3,3.3,2.3,2.7,3.3,3.0,2.0,60,3.01,RPL
230079,Hendra Ginting,2023,3.3,3.0,3.3,3.7,3.0,3.0,2.3,3.7,2.7,2.0,1.0,2.7,4.0,3.7,3.0,3.0,3.7,3.3,2.3,2.3,60,2.95,Cyber Security
230080,Rina Pohan,2023,3.3,1.0,1.0,2.0,4.0,3.3,2.0,2.3,3.3,3.0,3.0,3.0,3.0,3.7,1.0,2.7,4.0,3.0,3.0,3.0,60,2.73,AI Engineering
230081,Hana Aminah,2023,2.3,3.3,1.0,3.3,2.7,4.0,4.0,2.0,4.0,4.0,3.7,3.0,3.7,4.0,2.7,2.0,3.3,2.0,3.3,3.7,60,3.1,AI Engineering
230082,Bagas Wulandari,2023,3.3,2.3,2.7,3.0,3.7,1.0,3.7,2.0,2.7,2.0,4.0,3.0,4.0,2.7,1.0,1.0,2.0,4.0,3.0,3.3,60,2.72,RPL
230083,Putu Pasaribu,2023,1.0,4.0,3.7,3.0,4.0,4.0,3.0,3.0,3.0,3.3,2.0,1.0,4.0,3.3,2.7,2.3,3.0,3.0,1.0,2.7,60,2.85,RPL
230084,Budi Tanjung,2023,3.0,4.0,4.0,2.3,3.7,4.0,3.3,3.7,2.7,1.0,4.0,3.3,2.3,3.7,2.3,4.0,3.7,2.3,2.7,3.7,60,3.19,AI Engineering
230085,Putu Manurung,2023,2.0,2.3,3.3,3.3,3.0,2.7,4.0,4.0,4.0,3.7,2.0,2.7,3.3,3.3,2.0,2.3,3.7,3.3,2.0,2.3,60,2.96,RPL
230086,Dewi Mulyono,2023,3.3,1.0,3.7,3.3,2.3,2.3,3.7,3.0,3.0,3.3,3.7,1.0,2.7,2.0,3.3,3.0,3.3,1.0,2.0,3.7,60,2.73,Cyber Security
230087,Gita Hasibuan,2023,2.3,1.0,3.7,2.3,4.0,4.0,3.7,1.0,2.7,3.7,2.7,3.0,4.0,2.0,3.7,3.3,2.0,3.7,3.0,1.0,60,2.84,RPL
230088,Andi Aminah,2023,1.0,3.7,3.0,4.0,3.7,2.3,4.0,4.0,2.7,2.0,4.0,1.0,3.0,2.7,1.0,3.0,4.0,1.0,2.0,3.7,60,2.79,Cyber Security
230089,Made Hardi,2023,4.0,3.0,2.7,3.3,4.0,4.0,3.3,2.7,3.3,3.3,2.0,3.3,3.0,3.7,3.7,2.7,3.0,3.7,2.0,4.0,60,3.24,RPL
230090,Doni Setiawan,2023,3.3,4.0,1.0,3.7,2.0,2.3,2.7,3.3,3.7,3.3,2.7,2.0,2.7,2.0,2.7,3.3,2.3,2.0,2.0,3.3,60,2.71,Cyber Security
230091,Dadan Harahap,2023,4.0,4.0,1.0,2.0,4.0,2.0,3.0,1.0,3.7,2.3,3.0,1.0,4.0,4.0,2.3,3.3,2.0,3.3,2.7,2.7,60,2.76,RPL
230092,Bambang Susanto,2023,4.0,2.7,3.3,3.7,3.3,3.7,3.3,3.7,3.3,3.0,3.7,3.0,3.0,4.0,3.7,3.0,2.0,3.0,2.3,2.0,60,3.19,RPL
230093,Siska Manurung,2023,1.0,2.3,3.0,2.0,1.0,3.7,2.3,4.0,3.7,2.3,3.3,3.7,3.7,3.7,2.3,3.7,3.0,3.0,4.0,3.3,60,2.95,AI Engineering
230094,Joko Utami,2023,2.7,3.3,2.0,2.3,3.3,1.0,3.0,3.0,4.0,2.0,3.0,3.0,4.0,4.0,3.3,4.0,3.7,2.3,1.0,3.0,60,2.9,AI Engineering
230095,Bambang Chaniago,2023,3.7,4.0,2.3,3.3,3.7,3.7,1.0,3.0,3.0,1.0,3.3,2.7,3.3,2.3,3.7,3.3,2.3,3.3,2.0,3.7,60,2.93,Cyber Security
230096,Maya Hasibuan,2023,2.3,2.0,2.0,2.3,2.7,1.0,3.0,2.0,1.0,2.7,3.3,3.3,2.3,3.0,3.3,2.3,2.7,3.7,3.3,3.7,60,2.6,AI Engineering
230097,Rizky Wijaya,2023,3.0,2.0,3.3,2.7,3.7,3.3,3.3,1.0,3.0,3.0,2.0,3.0,3.3,2.7,2.7,3.7,2.3,3.0,4.0,3.7,60,2.94,RPL
230098,Rina Chaniago,2023,2.0,2.0,2.7,4.0,2.7,2.3,2.7,3.7,2.0,2.7,3.7,2.7,2.3,2.0,1.0,3.7,2.7,2.3,2.0,2.3,60,2.57,Cyber Security
230099,Dadan Lestari,2023,2.3,3.7,3.7,4.0,3.3,4.0,4.0,3.0,1.0,2.7,3.7,1.0,3.7,2.0,3.0,2.7,2.7,4.0,3.0,3.7,60,3.06,RPL
230100,Gani Pratama,2023,3.3,2.3,3.0,3.7,3.7,3.0,4.0,3.3,2.3,4.0,2.3,3.7,3.3,3.3,3.3,2.3,4.0,3.0,2.7,3.0,60,3.17,RPL
230101,Joko Kusuma,2023,3.7,2.7,2.3,3.0,3.0,3.0,4.0,4.0,2.3,1.0,2.3,3.3,2.7,2.0,3.3,3.7,3.7,3.7,2.3,3.0,60,2.95,Cyber Security
230102,Zaki Puspita,2023,2.0,3.0,2.3,3.0,1.0,2.0,2.7,3.3,2.7,2.0,1.0,3.3,2.3,2.0,3.3,3.0,2.7,4.0,2.0,1.0,60,2.43,Cyber Security
230103,Nina Siregar,2023,3.7,2.7,4.0,3.3,2.7,2.0,2.0,3.0,4.0,2.7,3.0,3.3,2.3,2.3,3.0,4.0,3.0,3.7,1.0,1.0,60,2.83,Cyber Security
230104,Nina Santoso,2023,2.7,3.3,2.0,3.3,4.0,3.7,2.3,3.7,4.0,1.0,4.0,2.7,2.7,2.3,4.0,4.0,1.0,3.7,4.0,4.0,60,3.12,Cyber Security
230105,Ayu Harahap,2023,4.0,1.0,2.3,3.7,3.3,2.3,3.0,2.7,3.7,4.0,3.3,1.0,3.7,2.0,4.0,4.0,2.0,4.0,4.0,2.3,60,3.01,RPL
230106,Gita Hasibuan,2023,3.7,2.0,3.0,2.7,2.3,2.0,3.0,1.0,3.0,3.3,4.0,4.0,2.0,3.7,3.3,2.3,1.0,3.3,3.3,3.7,60,2.83,AI Engineering
230107,Rosa Sari,2023,3.0,3.7,2.0,3.3,3.3,3.0,4.0,2.7,2.7,2.3,4.0,2.3,4.0,2.7,3.0,4.0,3.7,3.0,3.0,2.3,60,3.1,RPL
230108,Bambang Sembiring,2023,2.3,4.0,3.3,3.3,2.0,3.0,3.3,3.0,2.7,2.0,2.3,3.0,3.0,1.0,2.7,3.3,3.0,2.3,1.0,3.0,60,2.67,Cyber Security
230109,Agus Wijaya,2023,1.0,3.0,2.0,3.0,4.0,3.7,3.0,1.0,2.3,1.0,3.0,4.0,4.0,3.3,4.0,2.0,3.0,3.3,2.3,2.7,60,2.78,RPL
230110,Bambang Wijaya,2023,2.7,4.0,1.0,3.3,4.0,3.0,4.0,4.0,2.0,2.0,3.7,3.7,3.0,4.0,2.7,2.3,3.7,3.7,3.0,3.7,60,3.18,AI Engineering
230111,Putri Aminah,2023,3.7,1.0,3.7,4.0,2.3,2.3,3.7,2.3,4.0,2.0,4.0,3.7,2.0,4.0,1.0,3.7,3.7,3.7,1.0,4.0,60,2.99,AI Engineering
230112,Nyoman Kusuma,2023,2.3,4.0,2.7,4.0,4.0,3.0,2.3,2.0,4.0,3.3,3.7,3.3,3.7,4.0,1.0,2.0,2.7,2.7,1.0,3.0,60,2.94,AI Engineering
230113,Andi Sari,2023,4.0,2.3,2.3,2.7,3.7,4.0,4.0,1.0,3.7,2.0,3.7,3.7,1.0,3.0,2.3,3.0,3.7,3.0,2.7,3.7,60,2.98,AI Engineering
230114,Tania Nasution,2023,1.0,4.0,2.7,1.0,3.7,1.0,4.0,3.7,2.0,1.0,3.3,2.7,4.0,2.3,2.7,2.3,2.7,4.0,4.0,2.3,60,2.72,RPL
230115,Nina Lubis,2023,3.3,2.0,3.0,3.3,3.7,2.7,4.0,3.3,2.0,1.0,1.0,2.0,3.7,3.7,3.3,2.7,2.0,3.7,3.0,2.7,60,2.81,RPL
230116,Nyoman Nasution,2023,3.7,3.0,3.0,3.7,1.0,3.3,2.7,3.7,2.0,3.7,4.0,3.3,3.7,3.0,1.0,2.0,3.7,1.0,3.3,3.0,60,2.89,AI Engineering
230117,Rina Kusuma,2023,2.0,4.0,1.0,2.0,4.0,1.0,4.0,2.0,3.3,4.0,4.0,1.0,3.7,1.0,2.7,2.7,2.3,3.7,1.0,3.7,60,2.66,RPL
230118,Farhan Barus,2023,3.3,1.0,1.0,2.0,4.0,1.0,4.0,3.7,3.7,2.7,1.0,3.3,3.7,3.7,3.3,2.7,3.7,3.7,3.3,1.0,60,2.79,RPL
230119,Iwan Rahayu,2023,2.3,1.0,3.3,4.0,3.7,1.0,2.3,3.7,2.7,3.3,1.0,2.0,4.0,2.3,3.3,4.0,4.0,2.7,3.7,3.0,60,2.86,Cyber Security
230120,Laila Puspita,2023,3.3,2.7,2.7,2.0,3.7,2.0,3.7,3.0,3.7,2.0,3.0,3.7,3.7,2.3,1.0,3.3,2.7,4.0,3.7,3.3,60,2.98,RPL
230121,Fajar Utami,2023,3.7,2.3,4.0,3.3,1.0,2.7,3.0,3.7,3.3,4.0,4.0,2.3,4.0,4.0,3.0,3.3,2.3,2.0,1.0,3.7,60,3.03,Cyber Security
230122,Hana Lubis,2023,3.0,3.3,1.0,2.0,3.0,1.0,4.0,2.7,3.0,3.7,2.7,1.0,3.7,2.0,2.7,3.3,2.0,3.3,2.7,3.3,60,2.67,RPL
230123,Fajar Tanjung,2023,3.7,4.0,2.3,3.0,4.0,2.3,3.0,3.3,3.7,2.3,2.0,3.7,3.0,2.7,3.7,3.0,3.3,4.0,3.0,2.3,60,3.12,RPL
230124,Dewi Harahap,2023,4.0,3.3,2.0,3.3,3.0,4.0,2.7,3.3,2.3,1.0,2.3,3.0,2.3,3.0,1.0,3.0,2.3,3.7,1.0,3.3,60,2.69,Cyber Security
230125,Iwan Zulkarnain,2023,1.0,3.0,3.0,3.7,3.0,1.0,4.0,1.0,1.0,3.3,3.7,3.0,3.7,3.0,2.0,2.3,3.7,3.0,2.3,3.3,60,2.7,AI Engineering
230126,Bagas Wijaya,2023,2.7,4.0,2.3,2.3,4.0,2.7,1.0,4.0,3.3,3.3,4.0,3.7,2.0,3.7,4.0,1.0,2.7,2.3,2.0,3.0,60,2.9,AI Engineering
230127,Siska Ramadhan,2023,4.0,1.0,2.0,4.0,2.3,3.7,3.7,4.0,4.0,2.7,3.7,4.0,1.0,4.0,2.0,3.3,2.3,3.3,2.7,2.7,60,3.02,Cyber Security
230128,Nina Harahap,2023,3.7,2.3,2.0,3.3,4.0,2.7,3.0,3.3,2.7,3.7,2.0,1.0,3.0,2.3,2.0,2.7,4.0,3.3,3.0,4.0,60,2.9,RPL
230129,Nyoman Mulyono,2023,3.7,4.0,3.3,3.7,3.3,3.0,2.0,3.7,3.3,2.7,3.0,3.7,2.3,3.3,3.0,3.7,3.3,4.0,1.0,2.3,60,3.11,Cyber Security
230130,Fajar Hardi,2023,3.0,4.0,2.7,2.7,4.0,1.0,3.3,3.7,2.3,3.0,2.7,3.7,3.3,3.3,4.0,3.0,3.3,3.7,4.0,2.3,60,3.15,RPL
230131,Maya Fitriani,2023,2.3,3.0,4.0,3.7,2.0,2.7,4.0,2.0,3.3,1.0,3.3,3.0,2.0,3.3,2.3,3.7,3.3,1.0,2.0,4.0,60,2.79,AI Engineering
230132,Gita Lestari,2023,3.7,2.7,3.7,3.0,3.7,1.0,4.0,3.7,2.3,2.0,2.0,3.3,4.0,2.0,2.7,3.7,4.0,2.0,3.3,2.7,60,2.98,Cyber Security
230133,Hana Hidayat,2023,3.7,3.3,3.7,2.3,3.0,3.7,4.0,4.0,3.3,4.0,3.7,4.0,3.7,3.7,2.7,3.7,3.0,3.7,1.0,2.0,60,3.31,RPL
230134,Maya Aminah,2023,1.0,3.3,2.0,3.3,3.7,2.7,3.7,3.0,3.7,1.0,3.3,3.0,3.3,2.0,2.0,4.0,3.3,3.7,3.0,3.7,60,2.94,RPL
230135,Maya Al-Faris,2023,3.0,2.0,2.3,2.0,3.0,1.0,3.3,2.3,1.0,3.3,3.7,3.7,2.0,3.3,3.7,4.0,1.0,2.3,3.3,3.3,60,2.67,AI Engineering
230136,Dewi Ginting,2023,3.7,2.3,3.0,3.3,2.0,2.0,2.0,3.3,2.3,2.0,4.0,3.0,2.3,4.0,2.3,3.7,3.0,4.0,2.3,3.7,60,2.91,Cyber Security
230137,Siti Al-Faris,2023,2.3,3.0,2.7,3.3,2.0,3.3,3.7,3.0,1.0,4.0,4.0,3.7,1.0,3.3,2.0,4.0,3.3,2.0,3.7,4.0,60,2.96,AI Engineering
230138,Fajar Barus,2023,2.7,2.3,1.0,3.0,2.3,1.0,4.0,2.0,2.7,2.7,4.0,3.7,2.7,3.0,4.0,2.0,4.0,3.3,3.7,4.0,60,2.91,AI Engineering
230139,Siska Setiawan,2023,1.0,3.7,2.0,4.0,2.0,2.7,2.0,3.7,2.7,3.3,2.0,2.3,3.3,2.3,2.0,3.3,2.7,3.0,3.7,3.7,60,2.77,Cyber Security
230140,Citra Setiawan,2023,3.3,2.7,1.0,4.0,3.0,3.3,4.0,4.0,3.0,3.3,3.0,1.0,3.3,3.3,1.0,4.0,2.3,3.0,2.7,1.0,60,2.81,Cyber Security
230141,Indah Situmorang,2023,2.0,3.7,3.7,3.3,3.3,2.0,3.7,3.3,2.3,3.0,3.0,3.3,3.0,3.3,3.7,3.3,3.0,2.0,1.0,2.3,60,2.91,Cyber Security
230142,Andi Simanjuntak,2023,2.0,2.0,2.3,4.0,3.0,2.3,2.3,4.0,4.0,3.0,4.0,1.0,3.3,2.7,1.0,4.0,4.0,2.3,1.0,2.7,60,2.75,Cyber Security
230143,Bagas Ginting,2023,2.7,2.0,2.3,1.0,3.3,2.3,3.0,2.3,1.0,2.0,4.0,2.7,3.3,3.0,3.0,2.0,2.3,3.3,4.0,3.0,60,2.62,RPL
230144,Ayu Tanjung,2023,3.0,3.7,3.0,1.0,3.0,3.3,4.0,3.7,3.3,1.0,4.0,2.0,4.0,1.0,3.0,3.0,2.3,3.3,4.0,3.0,60,2.93,RPL
230145,Ayu Manurung,2023,3.7,2.3,4.0,1.0,2.0,3.3,2.7,4.0,3.7,2.0,3.0,3.7,2.7,3.3,3.3,3.0,3.3,4.0,3.0,3.3,60,3.06,AI Engineering
230146,Putu Utami,2023,3.3,2.0,3.0,3.7,1.0,1.0,3.7,2.7,2.3,1.0,3.0,3.3,2.7,3.7,2.3,3.0,1.0,2.0,4.0,4.0,60,2.64,AI Engineering
230147,Farhan Rahayu,2023,2.0,2.0,2.7,3.3,1.0,2.0,2.3,2.0,1.0,2.7,4.0,3.0,2.7,3.0,3.0,2.0,4.0,3.7,2.7,3.0,60,2.61,AI Engineering
230148,Aris Kurniawan,2023,4.0,3.0,2.0,2.7,2.3,3.0,2.7,3.7,3.3,2.0,3.0,3.3,2.0,3.3,3.3,3.0,2.7,2.7,2.7,3.0,60,2.89,AI Engineering
230149,Dadan Nasution,2023,2.0,1.0,2.7,4.0,3.7,4.0,4.0,2.3,3.7,2.0,3.7,2.3,3.0,2.3,2.7,3.3,1.0,3.7,2.3,3.7,60,2.87,RPL
230150,Bagas Wulandari,2023,2.7,3.0,3.0,3.7,2.0,4.0,2.7,3.7,3.7,4.0,3.7,2.7,3.7,4.0,2.7,3.7,4.0,3.3,3.3,2.0,60,3.28,Cyber Security
230151,Gani Lubis,2023,1.0,3.3,2.3,3.3,3.3,3.7,3.7,1.0,2.0,3.3,3.3,1.0,3.0,3.7,3.7,2.0,3.0,3.7,3.3,2.3,60,2.8,RPL
230152,Aris Setiawan,2023,3.3,1.0,3.7,3.7,3.7,3.0,4.0,3.0,2.7,4.0,4.0,4.0,3.0,2.0,3.7,3.3,4.0,3.7,3.7,2.0,60,3.27,Cyber Security
230153,Made Utami,2023,1.0,4.0,2.0,3.3,2.7,3.0,1.0,3.3,2.7,3.0,2.7,1.0,1.0,3.0,1.0,3.7,3.0,1.0,2.0,2.7,60,2.36,Cyber Security
230154,Siti Hasibuan,2023,1.0,3.3,2.3,2.3,3.7,4.0,4.0,3.7,3.3,3.3,3.3,2.7,4.0,1.0,3.0,3.3,2.0,4.0,3.7,2.7,60,3.03,RPL
230155,Putu Sitepu,2023,2.0,3.7,3.0,4.0,1.0,3.0,2.0,3.7,4.0,4.0,3.7,3.3,2.7,2.0,3.7,3.7,3.0,4.0,2.7,2.7,60,3.1,Cyber Security
230156,Taufik Hardi,2023,2.3,2.3,3.7,3.7,2.0,3.3,2.3,3.0,1.0,2.3,4.0,3.7,1.0,2.0,1.0,4.0,3.7,4.0,3.0,3.0,60,2.77,Cyber Security
230157,Citra Puspita,2023,2.7,3.0,1.0,2.7,3.0,3.3,2.3,4.0,2.7,3.0,3.3,3.3,3.7,3.3,3.3,1.0,2.0,3.3,2.0,4.0,60,2.84,AI Engineering
230158,Made Santoso,2023,2.7,3.7,2.0,2.7,4.0,2.3,3.3,2.0,3.7,2.0,3.0,3.0,1.0,3.3,4.0,3.0,3.7,4.0,2.7,3.7,60,2.99,AI Engineering
230159,Indah Puspita,2023,2.0,2.3,4.0,3.3,3.7,3.7,3.0,3.7,2.3,2.7,1.0,3.7,1.0,4.0,4.0,4.0,2.0,3.0,2.7,3.3,60,2.97,Cyber Security
230160,Putu Hardi,2023,3.7,2.3,2.7,3.0,3.7,2.3,3.0,3.0,2.0,2.3,3.7,4.0,1.0,1.0,3.7,3.7,2.3,3.7,2.3,2.7,60,2.81,Cyber Security
230161,Joko Ginting,2023,2.7,2.7,3.3,4.0,2.7,2.3,3.0,3.3,2.7,3.3,2.3,2.3,1.0,3.7,4.0,3.7,3.3,3.7,3.0,3.3,60,3.01,Cyber Security
230162,Dedi Barus,2023,4.0,1.0,3.0,3.0,2.7,3.0,2.7,3.3,3.7,1.0,2.3,3.0,3.3,4.0,1.0,3.3,3.0,2.7,2.0,3.7,60,2.79,Cyber Security
230163,Indah Nasution,2023,2.7,3.7,3.3,2.7,3.0,3.3,3.7,3.7,2.0,4.0,3.0,3.7,3.7,2.0,4.0,3.0,3.0,3.3,4.0,3.3,60,3.25,RPL
230164,Made Pohan,2023,3.7,2.3,2.7,3.0,3.0,4.0,4.0,2.0,2.7,1.0,3.7,3.0,3.3,2.3,4.0,3.3,1.0,4.0,3.3,3.0,60,2.96,RPL
230165,Zaki Al-Faris,2023,4.0,3.3,4.0,3.7,3.7,1.0,3.7,3.0,4.0,1.0,3.7,2.3,2.7,3.3,2.7,3.3,2.3,4.0,2.7,2.7,60,3.06,Cyber Security
230166,Rizky Saputra,2023,3.3,4.0,4.0,2.3,4.0,2.7,3.3,2.0,4.0,3.3,2.0,4.0,4.0,4.0,1.0,2.0,1.0,3.0,1.0,3.7,60,2.93,RPL
230167,Lani Kusuma,2023,1.0,2.0,3.0,3.0,4.0,2.7,4.0,2.7,2.0,2.7,3.3,2.3,3.3,3.3,2.7,3.3,4.0,3.7,2.7,3.3,60,2.95,RPL
230168,Gita Sembiring,2023,2.3,2.3,2.7,3.0,3.3,4.0,4.0,2.7,2.0,3.3,3.0,3.0,2.3,3.7,1.0,2.3,3.0,2.7,1.0,4.0,60,2.78,AI Engineering
230169,Siti Manurung,2023,2.0,3.3,2.0,2.7,2.3,2.0,1.0,2.3,2.7,2.0,3.3,3.0,3.3,3.7,2.0,3.7,2.3,2.3,4.0,3.3,60,2.66,AI Engineering
230170,Citra Barus,2023,3.7,2.7,1.0,1.0,3.3,2.3,4.0,3.7,3.7,2.7,4.0,2.3,3.3,2.0,2.3,2.7,1.0,3.3,1.0,2.3,60,2.61,RPL
230171,Gita Nasution,2023,2.7,3.3,4.0,2.0,1.0,3.0,3.0,2.7,2.7,3.3,4.0,4.0,3.0,3.3,2.0,2.3,3.7,2.3,4.0,3.0,60,2.96,AI Engineering
230172,Taufik Fitriani,2023,1.0,3.7,1.0,2.3,2.7,3.3,1.0,4.0,3.0,4.0,3.7,3.3,3.0,3.3,3.3,2.3,2.0,3.0,1.0,3.3,60,2.71,AI Engineering
230173,Gita Kurniawan,2023,1.0,4.0,2.0,2.0,4.0,3.3,3.7,3.0,3.0,4.0,1.0,3.7,3.0,2.7,3.0,4.0,2.7,3.0,4.0,3.0,60,3.01,RPL
230174,Nina Siahaan,2023,2.3,3.7,3.0,3.3,2.7,4.0,1.0,3.3,3.7,4.0,3.7,3.0,2.7,3.7,3.0,2.0,2.3,2.7,1.0,3.7,60,2.94,AI Engineering
230175,Bagas Lubis,2023,2.7,3.7,3.7,4.0,4.0,3.3,4.0,3.3,3.3,1.0,3.7,3.7,1.0,3.3,3.3,3.0,2.7,3.7,2.7,1.0,60,3.06,Cyber Security
230176,Gita Sitepu,2023,3.7,3.3,3.3,3.7,2.3,2.7,3.0,3.0,4.0,4.0,1.0,3.0,2.0,3.0,2.3,3.0,3.3,3.7,4.0,3.7,60,3.1,Cyber Security
230177,Fajar Hardi,2023,2.7,3.3,3.7,3.3,2.7,2.7,3.0,3.7,2.0,3.7,3.0,2.0,2.3,4.0,2.7,3.3,2.7,1.0,1.0,1.0,60,2.69,Cyber Security
230178,Budi Santoso,2023,4.0,3.0,3.0,4.0,3.3,1.0,2.3,3.3,2.3,3.7,2.7,4.0,2.3,2.7,1.0,4.0,2.3,2.7,1.0,2.3,60,2.75,Cyber Security
230179,Eko Zulkarnain,2023,3.0,4.0,2.3,3.0,1.0,3.7,3.0,4.0,3.0,3.3,4.0,2.0,3.0,3.0,2.3,3.7,3.0,3.7,1.0,2.3,60,2.92,Cyber Security
230180,Maya Aminah,2023,2.0,2.3,2.3,3.0,2.0,1.0,3.7,4.0,2.0,4.0,1.0,2.7,3.3,3.3,2.3,3.7,3.7,1.0,3.3,2.3,60,2.64,Cyber Security
230181,Nina Susanto,2023,4.0,3.7,2.7,3.3,3.0,2.0,2.7,2.3,3.3,2.7,3.7,3.7,2.0,3.3,2.3,1.0,1.0,2.3,3.0,3.3,60,2.76,AI Engineering
230182,Made Siregar,2023,3.0,2.0,2.7,2.0,4.0,2.3,1.0,4.0,3.0,3.3,3.3,3.0,2.0,3.0,3.0,2.7,3.0,3.7,1.0,3.3,60,2.77,AI Engineering
230183,Indah Susanto,2023,3.3,3.7,2.0,3.7,3.0,3.7,3.0,2.3,2.3,2.3,3.3,3.0,3.7,2.7,3.7,3.0,3.0,4.0,4.0,2.3,60,3.1,RPL
230184,Vina Lestari,2023,2.7,2.0,3.0,1.0,3.3,4.0,3.3,3.7,4.0,3.7,2.0,1.0,3.0,3.0,3.3,4.0,3.3,3.3,3.0,2.0,60,2.93,RPL
230185,Siska Siregar,2023,2.3,1.0,2.0,2.3,4.0,3.0,1.0,3.7,1.0,2.7,3.7,3.0,4.0,3.3,2.7,4.0,1.0,1.0,3.0,4.0,60,2.64,AI Engineering
230186,Laila Siahaan,2023,3.7,2.3,3.7,2.7,2.3,3.3,3.3,2.0,2.3,2.3,4.0,3.7,1.0,3.3,3.0,3.3,3.3,3.7,2.3,4.0,60,2.97,AI Engineering
230187,Fajar Wulandari,2023,3.3,2.0,2.7,1.0,3.3,3.7,3.7,3.0,3.0,2.0,2.7,3.7,3.3,3.0,1.0,3.3,4.0,4.0,2.3,2.3,60,2.86,RPL
230188,Nina Santoso,2023,1.0,1.0,2.3,2.0,3.3,3.7,3.7,3.7,2.3,3.0,2.0,2.7,4.0,1.0,2.3,2.3,4.0,3.0,2.3,3.3,60,2.64,RPL
230189,Agus Zulkarnain,2023,1.0,3.3,4.0,2.3,2.3,2.7,3.7,4.0,3.7,2.0,3.3,4.0,3.7,3.3,2.3,4.0,1.0,2.3,2.0,3.3,60,2.91,AI Engineering
230190,Ayu Ginting,2023,3.7,2.0,2.7,2.7,4.0,1.0,4.0,2.0,3.0,3.0,1.0,2.7,4.0,3.3,1.0,2.7,3.0,3.7,3.3,4.0,60,2.84,RPL
230191,Rizky Wijaya,2023,3.3,2.7,4.0,2.3,3.0,3.7,3.0,1.0,2.3,2.0,2.7,3.3,3.7,2.7,2.3,3.7,2.7,3.3,2.7,3.3,60,2.89,RPL
230192,Joko Chaniago,2023,1.0,2.0,3.3,3.7,3.7,3.0,3.0,3.7,3.7,2.7,4.0,3.0,2.7,3.7,2.0,3.3,2.0,4.0,3.7,4.0,60,3.11,AI Engineering
230193,Bagas Sembiring,2023,4.0,2.3,3.7,2.0,3.7,4.0,3.3,3.7,2.7,2.0,3.0,2.7,4.0,3.3,3.7,2.7,3.7,3.7,1.0,4.0,60,3.16,RPL
230194,Gita Kusuma,2023,3.7,3.7,2.3,1.0,4.0,1.0,4.0,3.0,1.0,3.0,3.0,3.3,3.0,1.0,3.0,2.3,3.3,3.7,1.0,2.7,60,2.65,RPL
230195,Euis Zulkarnain,2023,2.0,3.7,3.0,3.3,3.7,2.3,3.7,3.0,1.0,1.0,2.3,3.0,3.7,1.0,3.7,2.3,3.3,3.3,2.3,3.7,60,2.76,RPL
230196,Made Mulyono,2023,3.7,3.0,4.0,3.3,2.7,2.7,2.3,3.7,2.3,1.0,4.0,2.7,2.0,4.0,2.7,3.7,3.0,2.3,3.0,3.7,60,2.99,Cyber Security
230197,Taufik Wijaya,2023,2.0,3.7,3.3,3.3,2.7,1.0,3.0,3.7,1.0,3.3,3.7,1.0,2.7,1.0,1.0,3.3,4.0,2.0,1.0,4.0,60,2.53,Cyber Security
230198,Eko Hasibuan,2023,2.7,1.0,3.0,3.7,3.3,3.7,2.3,3.3,3.7,2.7,3.3,3.7,1.0,3.3,3.7,2.7,2.0,3.0,2.7,3.3,60,2.91,AI Engineering
230199,Rosa Siahaan,2023,2.3,2.0,3.0,2.7,3.7,2.7,3.7,1.0,4.0,2.0,4.0,3.3,3.3,2.3,4.0,1.0,3.0,3.0,2.3,3.3,60,2.83,RPL
230200,Farhan Kurniawan,2023,4.0,3.3,2.7,4.0,3.3,2.7,2.0,3.0,2.3,3.3,2.7,3.7,3.7,2.7,4.0,4.0,3.7,2.0,4.0,4.0,60,3.26,Cyber Security
240001,Siti Situmorang,2024,3.7,2.0,2.7,3.0,2.7,2.3,2.7,3.7,2.0,1.0,3.7,4.0,2.7,4.0,2.7,3.0,2.7,3.3,3.0,1.0,60,2.8,Cyber Security
240002,Hana Santoso,2024,3.7,2.7,2.0,1.0,2.7,3.0,3.7,3.7,3.7,2.7,3.3,3.7,1.0,3.0,3.0,2.3,4.0,2.0,1.0,3.3,60,2.77,AI Engineering
240003,Hendra Lestari,2024,2.0,3.3,1.0,3.0,2.7,4.0,3.7,4.0,3.3,1.0,3.7,2.0,3.7,2.7,2.0,3.0,2.0,2.7,2.7,2.3,60,2.74,Cyber Security
240004,Siti Pasaribu,2024,3.0,2.7,3.0,1.0,3.0,2.7,3.3,1.0,3.3,3.7,4.0,3.3,3.7,3.7,2.0,2.7,3.3,3.3,1.0,1.0,60,2.74,RPL
240005,Gani Hardi,2024,2.0,3.0,2.7,2.0,1.0,3.3,2.7,3.7,2.7,4.0,4.0,3.0,2.7,3.0,2.7,3.3,4.0,2.0,2.0,3.3,60,2.85,AI Engineering
240006,Vina Setiawan,2024,1.0,2.3,3.7,3.3,3.0,3.7,4.0,2.0,1.0,1.0,2.0,2.7,4.0,3.3,1.0,2.0,4.0,3.0,3.0,3.0,60,2.65,RPL
240007,Andi Hidayat,2024,2.7,3.7,3.7,3.3,3.7,3.7,4.0,4.0,3.0,2.7,2.3,4.0,3.0,4.0,4.0,4.0,3.0,3.3,2.7,1.0,60,3.29,RPL
240008,Farhan Fitriani,2024,3.0,1.0,2.7,4.0,4.0,2.0,3.0,3.7,2.0,2.0,4.0,3.0,3.7,1.0,3.3,2.0,2.3,3.7,3.7,3.7,60,2.89,RPL
240009,Siska Situmorang,2024,4.0,3.3,3.0,2.3,1.0,3.3,3.0,4.0,4.0,2.0,3.0,3.0,1.0,3.0,2.3,2.7,2.0,3.7,2.0,3.7,60,2.82,AI Engineering
240010,Putri Siregar,2024,3.7,2.0,2.3,3.0,2.7,3.0,2.3,3.7,2.7,2.0,3.0,1.0,3.7,2.0,3.3,3.7,2.0,4.0,2.0,1.0,60,2.66,Cyber Security
240011,Taufik Aminah,2024,2.3,1.0,3.7,2.3,3.7,3.7,3.7,3.0,4.0,1.0,2.7,2.3,3.0,3.3,2.0,2.0,2.0,3.3,2.7,3.7,60,2.77,RPL
240012,Dadan Kurniawan,2024,2.0,1.0,3.7,3.7,2.0,3.3,1.0,3.7,2.3,2.7,3.3,2.3,4.0,3.0,3.3,3.3,2.0,1.0,2.0,3.7,60,2.67,Cyber Security
240013,Andi Santoso,2024,2.3,3.0,3.3,3.0,3.7,3.3,2.7,4.0,1.0,1.0,1.0,3.7,3.3,3.0,2.3,3.3,2.3,2.0,2.0,2.0,60,2.61,Cyber Security
240014,Gita Saputra,2024,3.7,3.0,2.7,3.0,3.0,3.7,2.7,4.0,3.7,3.3,4.0,2.3,3.7,3.7,3.0,3.7,3.3,4.0,3.7,2.3,60,3.33,Cyber Security
240015,Hana Simanjuntak,2024,3.7,3.7,2.7,3.3,2.7,2.3,3.3,3.3,1.0,3.0,4.0,3.3,3.3,3.3,2.3,3.7,2.0,2.3,2.7,3.3,60,2.96,Cyber Security
240016,Nyoman Sembiring,2024,1.0,3.7,3.7,3.0,3.0,3.7,4.0,3.0,3.0,3.0,4.0,4.0,4.0,4.0,4.0,3.0,2.7,3.7,3.3,3.3,60,3.36,AI Engineering
240017,Doni Saputra,2024,3.3,3.3,1.0,3.7,3.3,4.0,4.0,2.7,3.7,3.3,2.7,3.0,3.7,4.0,3.7,4.0,2.7,3.3,4.0,3.7,60,3.36,RPL
240018,Tania Situmorang,2024,3.7,1.0,2.3,3.3,3.0,3.3,3.3,2.0,1.0,2.0,1.0,2.0,4.0,3.0,3.7,3.7,3.0,4.0,2.3,2.7,60,2.72,RPL
240019,Ayu Chaniago,2024,3.0,1.0,1.0,2.3,3.0,3.0,4.0,4.0,2.3,2.0,2.0,2.3,3.0,3.3,2.3,2.3,3.7,4.0,1.0,2.3,60,2.59,RPL
240020,Aris Hasibuan,2024,4.0,4.0,2.7,1.0,1.0,2.3,4.0,2.7,1.0,3.3,3.0,3.0,2.7,3.0,2.0,2.0,2.3,3.3,3.0,4.0,60,2.71,AI Engineering
240021,Budi Wulandari,2024,2.7,4.0,3.3,2.7,4.0,3.7,3.7,3.3,2.3,3.0,4.0,2.7,4.0,2.0,2.3,2.7,2.0,3.7,2.3,4.0,60,3.12,RPL
240022,Dadan Pratama,2024,2.7,2.7,2.0,2.3,3.7,2.0,3.3,3.3,3.3,2.7,2.3,2.3,3.7,2.0,2.3,2.3,2.7,4.0,3.7,1.0,60,2.72,RPL
240023,Citra Hidayat,2024,1.0,2.7,3.7,3.7,1.0,2.3,3.7,3.0,1.0,2.7,1.0,3.0,3.7,2.3,4.0,3.7,4.0,2.3,1.0,3.0,60,2.64,Cyber Security
240024,Putu Saputra,2024,4.0,4.0,2.0,3.7,4.0,3.0,3.7,3.7,3.3,2.7,2.0,3.7,2.7,3.0,3.0,4.0,3.7,3.7,2.7,4.0,60,3.33,Cyber Security
240025,Iwan Lubis,2024,2.3,4.0,4.0,2.7,3.7,3.0,4.0,2.0,2.0,3.0,3.3,3.3,3.0,3.7,3.7,2.3,2.3,3.7,1.0,4.0,60,3.05,AI Engineering
240026,Agus Kusuma,2024,1.0,2.3,4.0,2.0,4.0,3.0,1.0,2.3,3.0,3.0,3.0,4.0,3.3,3.7,4.0,2.7,3.7,1.0,3.7,3.0,60,2.89,AI Engineering
240027,Joko Hasibuan,2024,1.0,3.3,2.3,3.7,1.0,2.0,2.7,3.0,4.0,2.3,4.0,3.7,4.0,3.7,3.0,4.0,2.0,2.0,1.0,3.3,60,2.8,AI Engineering
240028,Eko Hidayat,2024,2.0,4.0,3.3,3.3,3.3,2.3,3.0,3.0,2.7,3.0,2.3,2.0,4.0,3.0,1.0,2.3,2.3,3.7,3.0,2.3,60,2.79,RPL
240029,Nyoman Setiawan,2024,2.7,3.7,4.0,2.3,3.0,4.0,3.0,2.3,4.0,3.7,2.7,2.7,4.0,2.0,2.3,3.3,3.3,3.3,3.0,4.0,60,3.17,RPL
240030,Iwan Situmorang,2024,4.0,2.0,2.3,2.3,4.0,4.0,2.3,3.7,1.0,1.0,3.7,4.0,2.0,4.0,2.0,4.0,3.0,2.7,2.7,3.3,60,2.9,AI Engineering
240031,Lani Situmorang,2024,4.0,3.0,2.7,4.0,2.3,2.0,2.3,3.7,3.3,2.3,2.3,2.3,1.0,2.3,2.3,4.0,4.0,1.0,3.7,4.0,60,2.83,Cyber Security
240032,Eko Lestari,2024,3.0,2.0,2.0,3.0,3.0,2.3,4.0,3.3,2.7,3.0,1.0,2.3,3.3,3.7,3.3,3.3,1.0,4.0,3.0,2.3,60,2.77,RPL
240033,Lani Sari,2024,1.0,3.7,2.0,1.0,3.7,2.0,4.0,2.0,2.3,2.3,2.3,1.0,4.0,3.7,3.0,2.7,2.7,3.0,2.0,2.0,60,2.52,RPL
240034,Ayu Santoso,2024,1.0,4.0,2.7,1.0,3.0,2.7,3.7,3.7,4.0,3.7,2.7,2.7,4.0,3.0,4.0,2.7,2.7,3.3,3.7,3.7,60,3.1,RPL
240035,Hana Fitriani,2024,1.0,1.0,2.3,2.3,4.0,4.0,3.7,3.0,2.0,2.0,2.3,3.0,3.0,2.0,1.0,2.3,2.7,3.0,4.0,3.3,60,2.59,RPL
240036,Taufik Lubis,2024,4.0,3.7,4.0,4.0,3.3,3.7,3.3,3.7,3.0,2.7,4.0,4.0,2.7,3.3,3.0,3.0,2.7,2.3,2.0,1.0,60,3.17,Cyber Security
240037,Tania Harahap,2024,2.0,3.7,2.0,3.7,3.3,2.0,4.0,4.0,2.3,2.0,3.3,3.7,3.3,1.0,3.3,3.7,3.0,2.3,2.7,4.0,60,2.96,Cyber Security
240038,Joko Siregar,2024,2.7,2.0,3.0,3.7,2.3,1.0,2.3,3.0,1.0,3.0,3.7,2.0,2.0,4.0,1.0,3.7,1.0,2.0,2.7,1.0,60,2.36,Cyber Security
240039,Farhan Santoso,2024,3.3,2.0,3.3,4.0,3.0,3.7,2.0,3.0,1.0,1.0,3.3,2.3,3.0,3.0,2.7,3.0,2.0,2.0,2.0,2.7,60,2.62,Cyber Security
240040,Gani Hidayat,2024,4.0,3.7,3.0,4.0,3.7,4.0,3.7,3.3,3.0,2.3,3.0,3.7,3.3,2.0,2.3,2.7,2.0,3.0,2.0,4.0,60,3.13,RPL
240041,Rina Siregar,2024,4.0,4.0,3.3,2.3,4.0,3.3,4.0,2.0,3.7,3.3,3.7,3.0,3.7,2.3,4.0,4.0,3.3,3.7,2.7,2.0,60,3.31,RPL
240042,Gani Chaniago,2024,1.0,2.7,2.3,3.7,2.7,3.3,4.0,3.3,4.0,3.3,2.7,2.0,2.3,3.7,3.3,3.7,3.3,1.0,4.0,3.7,60,3.0,Cyber Security
240043,Hendra Susanto,2024,4.0,2.0,2.7,2.7,4.0,2.7,2.7,3.7,2.0,3.3,3.3,3.0,2.7,3.7,4.0,3.3,3.3,2.3,1.0,4.0,60,3.02,AI Engineering
240044,Budi Tanjung,2024,2.7,3.7,1.0,3.7,2.7,2.7,2.3,3.0,1.0,3.0,2.7,2.3,4.0,2.7,2.7,3.3,2.3,2.0,2.3,4.0,60,2.7,Cyber Security
240045,Putu Lestari,2024,2.0,4.0,4.0,3.3,2.7,2.7,3.0,3.0,2.3,2.0,2.0,2.7,4.0,4.0,1.0,3.7,3.7,3.3,3.3,3.7,60,3.02,Cyber Security
240046,Eko Situmorang,2024,3.3,3.3,1.0,3.3,1.0,2.3,2.0,2.0,2.0,3.0,4.0,3.0,4.0,4.0,2.0,2.3,3.3,2.3,1.0,3.7,60,2.64,AI Engineering
240047,Hana Susanto,2024,2.3,3.7,3.0,2.7,4.0,2.7,3.3,2.0,4.0,2.3,3.7,3.0,4.0,3.0,3.7,2.0,4.0,3.0,1.0,3.7,60,3.06,AI Engineering
240048,Maya Sari,2024,3.7,3.7,2.3,2.3,4.0,2.3,4.0,1.0,2.3,3.7,1.0,2.0,3.7,3.0,2.7,4.0,1.0,3.7,2.0,2.3,60,2.74,RPL
240049,Vina Sitepu,2024,3.3,3.7,3.0,3.0,4.0,2.7,3.3,2.3,3.3,1.0,2.0,3.3,3.7,3.3,1.0,3.3,1.0,3.7,2.0,1.0,60,2.69,RPL
240050,Nyoman Rahayu,2024,2.3,2.0,1.0,4.0,4.0,2.7,3.7,2.3,2.3,1.0,4.0,3.3,4.0,2.3,2.7,4.0,2.7,3.7,1.0,3.7,60,2.84,RPL
240051,Putri Wulandari,2024,3.3,3.3,3.3,2.7,2.0,3.3,4.0,3.0,2.3,3.0,3.7,4.0,2.7,4.0,1.0,3.0,2.0,2.0,2.3,4.0,60,2.94,AI Engineering
240052,Rosa Manurung,2024,4.0,1.0,1.0,3.3,3.3,3.3,2.3,2.7,2.7,3.7,3.3,3.0,3.0,3.3,2.3,3.7,3.7,2.7,1.0,3.3,60,2.83,AI Engineering
240053,Made Kurniawan,2024,3.7,3.3,1.0,2.3,3.3,2.3,3.3,2.3,3.0,4.0,4.0,3.0,4.0,3.0,4.0,1.0,4.0,2.7,3.7,3.0,60,3.05,AI Engineering
240054,Hana Siregar,2024,3.7,2.3,3.0,3.3,4.0,2.3,3.3,3.3,3.3,3.0,3.0,3.7,1.0,2.0,1.0,3.0,2.7,3.7,2.7,2.7,60,2.85,Cyber Security
240055,Tania Mulyono,2024,2.7,2.7,3.0,4.0,3.3,2.0,2.7,3.3,2.0,1.0,3.7,1.0,4.0,1.0,3.0,3.3,1.0,4.0,4.0,4.0,60,2.78,Cyber Security
240056,Putri Harahap,2024,3.0,3.0,2.0,3.7,2.7,4.0,2.7,3.0,2.0,3.3,3.7,2.3,2.0,1.0,2.0,4.0,3.3,3.7,3.3,4.0,60,2.93,Cyber Security
240057,Rina Wulandari,2024,4.0,2.3,3.3,4.0,3.7,2.7,2.7,3.0,3.3,4.0,3.3,4.0,3.7,2.0,3.0,4.0,1.0,3.7,3.3,1.0,60,3.1,Cyber Security
240058,Rosa Siregar,2024,2.7,3.0,2.7,4.0,3.0,3.0,4.0,4.0,2.7,2.3,2.7,3.0,4.0,3.7,2.0,4.0,2.0,4.0,2.7,3.3,60,3.14,RPL
240059,Eko Al-Faris,2024,4.0,2.7,2.0,3.3,4.0,3.3,4.0,1.0,2.0,2.3,1.0,1.0,3.7,2.7,3.7,2.0,4.0,3.7,2.3,2.0,60,2.74,RPL
240060,Gita Al-Faris,2024,3.7,2.0,2.3,3.0,2.7,1.0,2.3,3.0,3.7,3.7,2.3,2.0,2.3,4.0,3.3,4.0,4.0,3.7,3.7,4.0,60,3.04,Cyber Security
240061,Hana Kurniawan,2024,3.0,1.0,2.3,4.0,1.0,4.0,2.3,3.7,2.3,3.3,4.0,2.0,4.0,4.0,3.7,4.0,3.7,2.3,2.3,4.0,60,3.05,Cyber Security
240062,Nina Wijaya,2024,2.0,4.0,3.7,2.3,3.3,3.3,3.7,3.0,1.0,4.0,1.0,3.0,3.7,4.0,4.0,2.7,4.0,4.0,4.0,3.7,60,3.22,RPL
240063,Lani Sembiring,2024,2.0,3.0,2.0,2.7,2.3,3.3,1.0,3.0,3.0,3.0,3.7,3.7,1.0,3.0,4.0,2.0,3.3,3.3,2.3,3.3,60,2.74,AI Engineering
240064,Taufik Chaniago,2024,1.0,2.7,2.0,1.0,3.3,2.3,3.0,4.0,2.3,2.7,2.3,3.3,3.3,2.0,2.7,3.7,3.7,3.7,2.7,3.3,60,2.75,RPL
240065,Dadan Setiawan,2024,2.7,3.3,3.7,1.0,2.0,1.0,2.7,4.0,3.3,3.7,3.0,3.3,3.3,4.0,2.3,1.0,4.0,3.3,3.7,3.7,60,2.95,AI Engineering
240066,Eko Simanjuntak,2024,4.0,1.0,2.0,3.3,2.0,3.0,1.0,2.0,1.0,3.0,3.7,4.0,4.0,3.3,3.7,3.3,2.3,3.0,2.0,3.3,60,2.74,AI Engineering
240067,Ayu Hardi,2024,2.3,3.0,2.0,2.0,3.0,3.7,3.0,2.3,1.0,4.0,2.3,3.0,4.0,4.0,2.0,1.0,2.3,3.7,3.7,2.0,60,2.72,RPL
240068,Hendra Chaniago,2024,2.7,2.7,3.3,3.0,3.3,3.0,4.0,3.3,2.3,2.7,2.3,2.3,3.3,2.3,3.0,3.0,3.3,3.0,3.3,2.3,60,2.92,RPL
240069,Taufik Tanjung,2024,2.7,3.3,2.7,4.0,1.0,2.3,3.0,4.0,1.0,3.7,2.0,4.0,1.0,1.0,2.0,3.7,2.3,3.3,3.3,4.0,60,2.71,Cyber Security
240070,Citra Setiawan,2024,2.3,2.0,4.0,2.0,3.0,4.0,3.7,2.0,2.0,2.7,3.3,2.7,3.7,1.0,2.3,2.3,3.7,3.7,2.0,1.0,60,2.67,RPL
240071,Aris Ramadhan,2024,3.0,1.0,4.0,4.0,3.7,3.7,3.0,2.0,4.0,2.0,3.0,1.0,3.0,3.0,2.3,3.7,3.7,3.7,2.7,1.0,60,2.88,RPL
240072,Maya Siahaan,2024,2.0,3.3,2.3,1.0,4.0,3.7,3.7,2.3,2.0,3.0,3.0,2.7,4.0,2.7,2.3,2.3,3.3,3.7,3.3,3.7,60,2.92,RPL
240073,Euis Saputra,2024,3.0,3.3,4.0,3.7,3.7,1.0,3.0,3.7,1.0,3.7,1.0,4.0,3.0,3.7,3.7,3.3,3.3,1.0,2.7,1.0,60,2.84,Cyber Security
240074,Citra Pratama,2024,3.3,3.3,1.0,4.0,4.0,3.3,3.7,1.0,2.3,3.3,3.3,4.0,2.3,3.0,4.0,3.0,1.0,2.0,1.0,3.3,60,2.8,AI Engineering
240075,Putri Ramadhan,2024,3.7,4.0,2.7,2.7,4.0,2.7,4.0,1.0,3.0,3.7,3.0,3.7,3.3,4.0,3.0,1.0,3.7,3.0,4.0,1.0,60,3.06,RPL
240076,Siska Siahaan,2024,2.3,3.0,2.3,4.0,2.3,1.0,1.0,4.0,1.0,3.0,2.3,1.0,2.7,2.3,3.0,3.7,4.0,4.0,4.0,3.7,60,2.73,Cyber Security
240077,Citra Tanjung,2024,3.0,2.0,3.7,1.0,3.3,1.0,3.3,2.0,3.7,2.0,4.0,1.0,3.3,2.3,2.7,3.3,3.7,4.0,3.0,3.3,60,2.78,RPL
240078,Joko Harahap,2024,2.7,1.0,2.7,4.0,4.0,2.7,3.3,3.7,3.3,3.7,2.7,4.0,4.0,4.0,2.7,2.3,3.3,3.3,2.3,2.3,60,3.1,RPL
240079,Budi Tanjung,2024,4.0,2.0,2.0,2.0,2.7,4.0,1.0,1.0,4.0,2.7,3.0,3.3,3.0,3.3,2.0,3.3,3.3,4.0,2.3,3.3,60,2.81,AI Engineering
240080,Farhan Chaniago,2024,2.0,2.7,2.7,3.3,4.0,2.7,2.3,3.0,3.0,2.0,2.0,2.0,3.0,3.3,2.0,3.0,4.0,2.7,1.0,2.7,60,2.67,Cyber Security
240081,Taufik Mahendra,2024,4.0,2.7,3.0,3.0,2.3,2.7,3.3,4.0,3.0,3.0,3.7,2.0,2.0,1.0,3.0,4.0,2.0,2.0,3.3,3.0,60,2.85,Cyber Security
240082,Putu Utami,2024,2.0,1.0,3.3,2.3,3.0,2.7,2.3,3.3,2.7,1.0,3.3,3.3,3.0,3.0,3.0,2.7,1.0,4.0,2.3,4.0,60,2.66,AI Engineering
240083,Vina Mulyono,2024,1.0,4.0,3.7,3.7,2.7,1.0,3.7,3.3,3.7,3.7,3.3,3.3,3.0,3.0,3.0,4.0,1.0,3.0,4.0,4.0,60,3.1,AI Engineering
240084,Fajar Wulandari,2024,3.3,2.3,2.7,1.0,1.0,3.7,3.0,3.7,4.0,3.0,3.0,3.7,1.0,3.0,2.3,4.0,1.0,2.7,4.0,4.0,60,2.82,AI Engineering
240085,Rosa Santoso,2024,4.0,3.3,3.0,3.7,3.0,3.3,3.3,2.0,2.3,1.0,3.0,3.7,3.3,3.0,1.0,2.0,4.0,2.0,4.0,4.0,60,2.94,AI Engineering
240086,Doni Fitriani,2024,3.0,2.0,3.7,3.7,3.3,2.7,4.0,2.7,3.7,4.0,2.3,3.0,4.0,1.0,3.7,2.0,1.0,4.0,2.7,1.0,60,2.88,RPL
240087,Dedi Mulyono,2024,2.3,3.3,2.7,3.7,3.3,2.0,1.0,2.0,3.3,2.0,4.0,3.3,3.7,4.0,2.3,4.0,3.7,3.0,3.3,4.0,60,3.04,AI Engineering
240088,Farhan Nasution,2024,4.0,4.0,4.0,1.0,2.7,3.7,4.0,3.3,1.0,2.3,3.7,3.3,2.3,3.0,3.7,1.0,2.0,3.0,4.0,4.0,60,3.0,AI Engineering
240089,Euis Lestari,2024,3.7,1.0,4.0,4.0,3.7,4.0,3.0,3.3,3.0,2.0,4.0,3.0,3.3,3.7,3.7,3.7,2.3,2.0,2.3,3.3,60,3.15,AI Engineering
240090,Nina Lubis,2024,2.0,2.3,4.0,2.3,2.0,2.3,2.0,3.3,2.0,3.3,3.3,3.7,3.7,3.7,3.3,3.7,2.0,4.0,3.3,3.0,60,2.96,AI Engineering
240091,Made Kusuma,2024,2.7,2.3,3.7,3.7,3.3,3.3,3.3,3.0,3.7,2.7,3.7,4.0,2.7,2.0,1.0,3.0,1.0,3.0,3.0,2.0,60,2.85,Cyber Security
240092,Citra Setiawan,2024,3.0,4.0,3.7,2.3,3.7,4.0,2.0,1.0,2.3,3.3,3.3,3.7,2.3,3.7,3.3,4.0,4.0,3.3,3.3,3.0,60,3.16,AI Engineering
240093,Tania Simanjuntak,2024,1.0,3.0,4.0,4.0,2.0,3.0,2.0,3.7,3.0,2.7,2.7,2.7,3.7,3.3,1.0,3.0,2.0,1.0,2.0,3.0,60,2.64,Cyber Security
240094,Gita Siregar,2024,3.7,2.3,3.3,4.0,3.0,3.0,4.0,4.0,3.7,2.7,3.7,3.0,3.3,3.7,2.0,2.3,3.7,3.0,2.0,3.7,60,3.21,AI Engineering
240095,Rizky Pasaribu,2024,2.3,1.0,2.0,2.3,3.3,4.0,4.0,1.0,2.7,4.0,3.3,3.3,2.0,3.0,3.3,1.0,3.0,1.0,3.7,4.0,60,2.71,AI Engineering
240096,Laila Hardi,2024,2.3,2.3,3.7,2.0,2.3,3.0,2.0,2.3,4.0,1.0,4.0,3.7,4.0,4.0,3.0,2.0,2.0,2.0,2.0,3.0,60,2.73,AI Engineering
240097,Siska Utami,2024,2.7,3.7,3.7,3.0,2.3,3.7,2.0,2.7,2.0,1.0,3.0,3.7,2.3,4.0,2.0,2.7,2.7,1.0,3.0,4.0,60,2.76,AI Engineering
240098,Rina Sembiring,2024,2.7,1.0,4.0,2.3,3.7,1.0,3.7,2.7,2.7,4.0,3.7,2.0,3.7,2.3,2.7,3.3,2.3,3.0,3.7,2.7,60,2.86,RPL
240099,Putu Mulyono,2024,2.3,3.7,2.3,2.3,3.7,4.0,2.7,3.7,1.0,2.0,3.7,3.7,4.0,4.0,2.3,4.0,2.0,3.7,3.3,4.0,60,3.12,AI Engineering
240100,Rina Wijaya,2024,4.0,2.3,2.3,1.0,3.3,1.0,3.7,2.7,2.3,1.0,3.7,2.3,3.3,4.0,1.0,1.0,3.7,3.7,1.0,2.7,60,2.5,RPL
240101,Rosa Fitriani,2024,3.0,3.3,3.0,2.7,3.0,3.7,3.3,4.0,2.7,3.0,2.7,1.0,3.3,2.0,3.3,2.7,2.7,3.7,2.0,4.0,60,2.96,RPL
240102,Aris Wulandari,2024,1.0,2.3,2.3,3.0,3.7,4.0,3.3,4.0,2.3,4.0,2.3,2.7,3.7,3.7,2.3,4.0,1.0,4.0,2.7,2.7,60,2.95,RPL
240103,Lani Siahaan,2024,2.0,1.0,4.0,3.3,4.0,2.0,4.0,2.0,2.3,3.7,3.7,4.0,3.3,4.0,4.0,2.7,2.7,3.3,3.3,3.0,60,3.11,RPL
240104,Aris Pasaribu,2024,2.3,2.0,3.7,3.7,3.7,2.3,3.7,1.0,1.0,2.7,3.7,2.3,3.0,1.0,2.0,3.7,2.0,4.0,2.7,4.0,60,2.73,RPL
240105,Gani Mahendra,2024,2.3,3.3,2.0,1.0,2.0,3.0,3.3,3.7,2.0,2.7,4.0,3.3,2.7,3.0,3.0,4.0,3.3,3.3,3.7,3.7,60,2.96,AI Engineering
240106,Euis Simanjuntak,2024,3.3,3.0,1.0,1.0,4.0,4.0,4.0,3.0,3.7,1.0,2.0,3.3,3.0,4.0,3.3,2.7,1.0,3.3,3.3,2.7,60,2.83,RPL
240107,Dewi Lubis,2024,1.0,3.7,2.0,2.0,3.3,3.3,3.3,2.7,3.3,2.7,2.3,2.3,4.0,2.3,2.3,3.7,3.0,3.0,1.0,3.0,60,2.71,RPL
240108,Laila Puspita,2024,2.3,3.3,3.0,3.0,3.7,3.0,3.7,3.3,3.3,4.0,2.0,1.0,1.0,3.3,4.0,4.0,2.0,3.3,4.0,3.3,60,3.02,Cyber Security
240109,Taufik Chaniago,2024,2.7,3.0,2.7,4.0,1.0,2.7,3.0,3.3,3.0,3.3,3.7,3.0,4.0,3.3,2.7,3.7,3.7,1.0,2.7,3.3,60,2.99,Cyber Security
240110,Budi Wulandari,2024,3.7,3.3,2.3,3.7,3.7,2.3,3.7,4.0,1.0,2.7,1.0,2.0,3.0,2.3,3.7,3.7,3.7,4.0,3.0,4.0,60,3.04,RPL
240111,Rosa Lubis,2024,2.3,1.0,2.0,3.3,3.7,3.7,3.0,1.0,1.0,3.7,1.0,3.7,3.0,2.7,2.7,2.3,4.0,3.0,3.3,2.3,60,2.63,RPL
240112,Tania Tanjung,2024,3.0,2.7,2.3,3.0,3.3,3.7,2.0,3.7,2.7,3.7,2.0,3.3,2.7,2.3,2.7,4.0,2.0,4.0,4.0,3.3,60,3.02,Cyber Security
240113,Joko Pasaribu,2024,2.7,2.3,3.3,2.0,3.0,2.0,3.7,3.0,3.7,3.0,3.3,3.0,3.7,1.0,3.3,2.3,3.7,3.3,2.3,1.0,60,2.78,RPL
240114,Maya Wijaya,2024,2.0,3.3,2.7,3.3,3.0,3.7,3.3,2.7,4.0,3.7,3.7,4.0,3.0,3.3,3.3,1.0,3.3,3.3,4.0,2.3,60,3.14,RPL
240115,Rosa Barus,2024,3.3,4.0,2.0,1.0,3.0,1.0,3.0,2.0,4.0,4.0,3.7,1.0,3.3,2.0,2.0,3.0,2.7,3.0,2.3,2.3,60,2.63,RPL
240116,Dedi Chaniago,2024,3.3,3.7,4.0,2.3,1.0,3.7,3.7,2.3,3.7,3.0,3.3,3.0,4.0,3.7,3.0,4.0,1.0,4.0,1.0,4.0,60,3.08,AI Engineering
240117,Iwan Pohan,2024,4.0,3.3,3.0,3.0,4.0,2.3,2.3,4.0,2.7,2.7,1.0,3.3,2.3,4.0,3.3,3.7,4.0,3.0,3.7,1.0,60,3.03,Cyber Security
240118,Nina Hardi,2024,2.3,2.3,3.0,3.7,3.3,3.3,3.3,3.0,2.0,4.0,1.0,3.3,1.0,3.3,2.7,3.0,4.0,3.0,2.7,2.0,60,2.81,Cyber Security
240119,Nina Nasution,2024,2.0,4.0,3.7,3.7,2.7,3.7,1.0,3.3,2.0,3.3,3.7,2.3,3.3,1.0,4.0,3.3,2.7,4.0,3.3,2.7,60,2.98,Cyber Security
240120,Joko Pasaribu,2024,2.0,3.7,2.0,2.3,4.0,2.0,3.0,4.0,2.0,2.7,4.0,3.3,3.3,2.3,3.7,2.7,2.3,3.7,3.7,2.0,60,2.94,RPL
240121,Maya Sitepu,2024,2.3,2.3,1.0,3.3,4.0,1.0,1.0,3.7,1.0,2.3,4.0,2.0,1.0,2.3,3.3,3.3,1.0,3.0,2.0,2.0,60,2.29,Cyber Security
240122,Dadan Ramadhan,2024,4.0,2.7,3.0,3.3,3.0,2.0,2.3,3.0,3.7,3.7,2.3,2.7,3.7,2.3,4.0,4.0,3.7,2.0,2.3,4.0,60,3.08,Cyber Security
240123,Agus Barus,2024,4.0,4.0,3.7,3.3,3.3,2.7,3.0,3.7,2.7,4.0,4.0,3.0,2.7,3.0,2.3,3.0,2.0,2.3,3.7,3.3,60,3.18,AI Engineering
240124,Joko Siregar,2024,2.0,4.0,1.0,3.0,3.7,3.7,3.3,2.0,3.0,3.7,2.3,3.3,3.7,2.0,2.3,2.0,2.3,4.0,2.7,4.0,60,2.9,RPL
240125,Citra Kurniawan,2024,2.0,3.3,3.7,4.0,3.0,2.3,3.3,3.7,3.0,3.3,2.7,2.7,3.7,2.7,2.0,3.3,3.3,3.7,2.0,4.0,60,3.09,RPL
240126,Dedi Pohan,2024,2.7,3.3,2.3,2.7,3.7,2.3,3.3,2.3,3.7,1.0,3.0,4.0,3.7,3.3,4.0,2.3,2.3,3.0,1.0,3.0,60,2.84,RPL
240127,Siti Pratama,2024,3.0,4.0,2.7,3.7,2.3,2.7,2.7,3.0,2.0,2.7,2.3,4.0,3.7,3.3,3.3,3.0,2.0,3.3,3.0,2.7,60,2.97,Cyber Security
240128,Hendra Sari,2024,2.0,3.3,2.3,4.0,3.0,3.3,3.0,2.7,2.3,3.7,3.0,3.3,1.0,4.0,3.3,2.0,1.0,2.0,3.7,3.3,60,2.81,AI Engineering
240129,Andi Kurniawan,2024,3.7,4.0,4.0,4.0,2.3,3.7,3.0,3.3,1.0,4.0,3.3,3.0,2.7,4.0,2.7,2.7,4.0,2.3,2.7,3.7,60,3.21,AI Engineering
240130,Maya Pohan,2024,1.0,4.0,3.7,2.7,3.7,2.3,3.0,3.3,4.0,2.3,3.0,3.3,3.3,3.0,3.3,2.0,1.0,2.3,3.0,3.3,60,2.87,AI Engineering
240131,Dadan Fitriani,2024,2.0,4.0,2.7,4.0,3.0,2.7,4.0,2.0,3.0,2.0,4.0,3.3,3.0,3.7,1.0,3.3,4.0,3.7,4.0,3.7,60,3.16,RPL
240132,Siti Tanjung,2024,4.0,2.3,1.0,2.7,2.7,2.7,2.7,2.0,4.0,3.0,3.3,3.0,2.3,3.3,3.7,3.0,3.3,2.3,4.0,3.3,60,2.93,AI Engineering
240133,Citra Simanjuntak,2024,1.0,2.3,2.0,3.3,4.0,3.7,3.7,4.0,1.0,2.0,1.0,3.7,3.3,3.7,2.3,4.0,1.0,4.0,2.7,2.7,60,2.77,RPL
240134,Rizky Siahaan,2024,3.7,2.3,1.0,2.7,2.3,3.7,1.0,3.3,1.0,2.7,3.0,3.7,2.0,4.0,3.0,3.0,2.7,3.0,4.0,4.0,60,2.81,AI Engineering
240135,Iwan Harahap,2024,2.3,4.0,2.0,3.0,3.0,2.7,3.0,2.0,2.7,2.3,4.0,1.0,3.7,3.0,2.3,3.0,4.0,4.0,3.0,1.0,60,2.8,RPL
240136,Rizky Siregar,2024,1.0,4.0,2.7,3.7,1.0,3.0,3.3,1.0,2.3,4.0,4.0,4.0,3.7,3.7,3.3,3.0,2.7,3.0,2.0,4.0,60,2.97,AI Engineering
240137,Tania Susanto,2024,3.7,4.0,3.7,3.3,3.3,2.7,2.3,1.0,3.3,2.7,3.0,3.7,3.3,3.7,3.0,1.0,2.0,2.7,3.0,3.7,60,2.96,AI Engineering
240138,Tania Nasution,2024,3.0,3.7,3.0,3.7,2.0,2.0,1.0,3.3,2.3,3.3,2.7,2.0,2.0,2.3,3.0,3.0,2.3,2.0,4.0,4.0,60,2.73,Cyber Security
240139,Laila Ginting,2024,2.7,1.0,3.3,3.7,3.3,2.3,2.0,3.3,4.0,1.0,3.0,3.7,3.7,3.7,2.3,4.0,3.0,1.0,4.0,3.3,60,2.92,Cyber Security
240140,Farhan Hidayat,2024,3.0,3.0,1.0,4.0,3.0,2.0,4.0,3.7,3.0,2.0,2.7,3.7,3.3,3.0,2.7,2.3,2.3,3.3,3.7,2.0,60,2.88,RPL
240141,Dewi Tanjung,2024,2.7,3.3,2.7,3.0,3.0,1.0,3.0,3.7,2.3,2.0,1.0,3.7,3.3,3.0,3.3,2.0,3.0,3.0,3.3,2.7,60,2.75,RPL
240142,Vina Chaniago,2024,3.7,1.0,1.0,3.0,4.0,2.0,3.0,2.7,3.0,2.0,2.0,3.3,4.0,2.0,3.0,2.0,2.7,3.7,3.3,4.0,60,2.77,RPL
240143,Maya Pratama,2024,4.0,3.3,2.7,4.0,4.0,2.3,3.0,3.0,3.0,3.0,2.3,1.0,3.3,2.3,3.3,2.3,2.7,4.0,1.0,4.0,60,2.92,RPL
240144,Aris Simanjuntak,2024,3.0,3.0,3.0,3.7,2.3,2.0,2.7,3.7,2.0,4.0,3.3,3.3,3.0,3.7,2.3,3.0,1.0,3.7,1.0,1.0,60,2.73,Cyber Security
240145,Bambang Sembiring,2024,3.0,3.0,2.7,2.7,1.0,3.0,3.0,4.0,3.0,2.0,3.7,3.7,3.0,3.0,1.0,2.7,3.7,2.3,1.0,3.0,60,2.73,AI Engineering
240146,Gita Wulandari,2024,4.0,3.3,2.3,3.7,2.3,2.3,2.7,3.0,2.0,2.0,4.0,2.0,1.0,3.3,2.3,4.0,4.0,3.0,2.3,3.7,60,2.86,Cyber Security
240147,Dewi Kurniawan,2024,3.3,2.7,2.0,3.3,3.3,2.3,1.0,4.0,3.7,1.0,1.0,2.0,2.3,3.3,1.0,3.0,3.7,2.7,3.3,3.7,60,2.63,Cyber Security
240148,Farhan Nasution,2024,2.3,1.0,4.0,2.0,4.0,2.0,3.7,1.0,2.3,1.0,3.3,2.3,3.7,2.0,3.7,4.0,2.3,3.0,4.0,2.3,60,2.69,RPL
240149,Fajar Lubis,2024,3.3,3.3,1.0,4.0,1.0,2.0,4.0,3.7,3.7,2.0,1.0,3.3,1.0,2.7,1.0,4.0,1.0,4.0,2.0,3.0,60,2.55,Cyber Security
240150,Andi Sari,2024,3.3,3.0,2.7,3.3,3.0,2.3,2.0,3.7,2.7,4.0,4.0,3.7,3.3,4.0,3.3,4.0,1.0,2.3,3.3,3.0,60,3.09,Cyber Security
240151,Rosa Nasution,2024,2.7,3.7,2.3,2.7,3.3,3.0,3.0,4.0,3.7,3.3,2.7,3.3,3.3,3.3,3.0,4.0,2.3,3.3,3.3,2.3,60,3.12,RPL
240152,Nina Tanjung,2024,3.7,1.0,2.0,1.0,3.3,3.3,3.7,4.0,4.0,2.3,2.7,3.3,4.0,3.0,3.7,4.0,2.3,3.3,3.0,3.3,60,3.04,RPL
240153,Dewi Pohan,2024,4.0,2.0,3.3,3.0,1.0,3.0,3.0,3.0,3.3,2.7,2.7,3.7,1.0,2.7,3.0,3.7,2.7,2.3,2.7,1.0,60,2.69,Cyber Security
240154,Maya Santoso,2024,3.0,2.7,3.0,2.7,2.7,2.3,1.0,3.0,1.0,1.0,3.0,3.7,3.7,3.7,3.0,2.0,3.0,4.0,3.3,3.3,60,2.75,AI Engineering
240155,Nyoman Fitriani,2024,3.3,2.7,2.7,2.3,2.0,2.0,2.7,3.0,4.0,3.7,3.3,3.3,2.7,4.0,2.0,3.7,3.7,2.0,2.3,3.3,60,2.94,AI Engineering
240156,Putri Simanjuntak,2024,2.0,1.0,4.0,3.0,2.7,3.3,3.7,1.0,4.0,3.3,3.7,3.0,2.7,3.3,3.3,2.3,2.7,4.0,1.0,3.7,60,2.89,AI Engineering
240157,Eko Kurniawan,2024,3.0,4.0,4.0,3.7,2.0,3.7,2.7,3.3,3.7,3.0,1.0,1.0,2.0,2.0,1.0,3.3,2.3,3.0,1.0,2.0,60,2.58,Cyber Security
240158,Budi Sari,2024,2.0,3.0,3.0,2.7,3.7,3.7,3.0,3.7,4.0,1.0,3.0,1.0,3.7,2.3,4.0,2.0,1.0,3.3,2.0,4.0,60,2.8,RPL
240159,Laila Sembiring,2024,3.0,3.3,2.7,3.0,2.3,2.3,2.3,4.0,2.7,3.3,3.3,2.3,2.0,3.7,4.0,4.0,3.3,2.0,4.0,1.0,60,2.92,Cyber Security
240160,Fajar Barus,2024,3.7,3.7,2.0,3.7,2.0,2.3,3.3,2.0,4.0,2.7,4.0,3.0,2.7,3.7,1.0,2.0,1.0,4.0,4.0,3.3,60,2.91,AI Engineering
240161,Hana Al-Faris,2024,2.7,1.0,2.7,4.0,2.7,2.7,1.0,4.0,3.3,3.3,2.7,4.0,3.3,4.0,4.0,4.0,3.3,3.0,2.0,2.0,60,2.98,Cyber Security
240162,Dadan Situmorang,2024,2.0,3.3,3.0,3.0,2.3,3.3,2.7,3.3,3.3,2.7,2.7,3.3,3.0,2.7,3.7,4.0,4.0,2.7,3.3,3.3,60,3.08,Cyber Security
240163,Nyoman Sitepu,2024,4.0,2.3,2.3,4.0,3.3,1.0,3.7,3.7,2.7,3.7,3.0,3.3,1.0,1.0,3.0,3.0,2.3,3.3,1.0,2.7,60,2.71,Cyber Security
240164,Dadan Pasaribu,2024,3.0,1.0,3.0,3.7,3.7,4.0,4.0,4.0,3.0,2.7,3.0,3.3,3.0,4.0,3.3,3.0,2.3,3.0,1.0,2.3,60,3.01,RPL
240165,Ayu Fitriani,2024,3.3,1.0,3.0,2.0,3.0,1.0,3.3,2.3,3.3,2.7,1.0,3.7,3.7,2.7,2.0,3.3,3.3,3.3,1.0,3.7,60,2.63,RPL
240166,Tania Saputra,2024,2.3,4.0,1.0,2.0,3.3,1.0,1.0,2.0,3.3,2.7,3.0,4.0,3.7,3.0,3.3,3.3,1.0,2.7,2.0,3.3,60,2.59,AI Engineering
240167,Putri Utami,2024,3.0,3.3,1.0,3.7,2.3,2.0,3.0,3.7,1.0,2.3,3.7,1.0,2.3,1.0,2.7,3.0,2.7,2.7,3.0,3.3,60,2.54,Cyber Security
240168,Dewi Hasibuan,2024,2.3,2.7,2.3,3.7,2.3,3.3,3.3,3.0,2.3,3.3,3.3,3.3,4.0,4.0,3.0,3.0,3.0,3.3,2.3,3.7,60,3.07,Cyber Security
240169,Rizky Lubis,2024,1.0,3.0,2.0,1.0,2.7,2.3,2.0,1.0,3.3,3.0,3.7,3.7,2.3,3.0,3.0,3.7,3.3,1.0,3.3,4.0,60,2.61,AI Engineering
240170,Rizky Pratama,2024,3.7,2.7,2.3,3.3,3.3,2.3,2.3,3.7,2.3,3.3,3.0,3.7,3.7,3.3,2.7,3.3,2.7,2.0,3.7,3.7,60,3.05,Cyber Security
240171,Bambang Simanjuntak,2024,2.7,2.3,3.3,1.0,3.7,2.0,4.0,3.0,3.3,3.3,3.7,3.7,3.7,3.7,2.7,3.0,4.0,3.7,3.7,1.0,60,3.08,RPL
240172,Dedi Ramadhan,2024,3.0,3.3,2.0,2.3,4.0,3.3,3.0,3.7,4.0,2.3,1.0,2.7,3.0,3.3,4.0,2.7,2.3,4.0,3.7,2.3,60,3.0,RPL
240173,Dedi Harahap,2024,2.0,3.7,2.3,4.0,3.0,2.7,3.7,3.0,2.3,4.0,2.3,1.0,3.7,3.3,4.0,3.0,3.0,3.3,4.0,3.3,60,3.08,RPL
240174,Made Zulkarnain,2024,2.3,4.0,3.3,3.3,3.3,3.3,2.0,3.3,2.3,2.7,2.0,1.0,2.0,4.0,2.7,3.7,4.0,2.7,4.0,3.0,60,2.95,Cyber Security
240175,Gani Siregar,2024,2.3,2.0,2.7,3.7,2.7,1.0,1.0,4.0,3.0,2.0,3.0,3.7,2.7,2.3,3.7,3.7,2.0,2.3,3.0,2.3,60,2.65,Cyber Security
240176,Eko Utami,2024,3.3,4.0,2.3,2.7,3.3,3.0,3.7,2.0,4.0,2.3,1.0,4.0,3.7,1.0,3.3,3.3,3.7,3.3,4.0,2.0,60,3.0,RPL
240177,Putu Chaniago,2024,2.3,2.7,3.3,2.3,2.7,3.0,3.0,1.0,3.7,1.0,4.0,3.0,3.3,3.7,2.0,2.3,2.7,4.0,4.0,3.0,60,2.85,AI Engineering
240178,Bagas Utami,2024,4.0,1.0,4.0,3.3,3.3,3.3,4.0,3.3,4.0,3.7,4.0,1.0,4.0,1.0,3.0,3.7,2.0,3.0,3.7,3.0,60,3.12,RPL
240179,Putri Puspita,2024,3.7,3.7,2.3,2.3,4.0,2.0,3.0,3.0,2.3,2.0,3.7,2.3,3.3,3.0,1.0,3.3,4.0,3.3,1.0,4.0,60,2.86,RPL
240180,Lani Sembiring,2024,3.3,4.0,4.0,4.0,2.3,3.0,2.7,3.7,3.0,2.0,3.0,3.3,3.3,3.7,3.3,4.0,3.3,2.3,3.7,2.0,60,3.19,Cyber Security
240181,Eko Al-Faris,2024,2.7,2.3,3.3,3.3,4.0,3.0,3.3,3.0,2.0,3.7,3.7,3.3,2.7,2.3,4.0,3.3,3.0,3.7,2.7,3.7,60,3.15,Cyber Security
240182,Siska Ginting,2024,3.0,2.3,2.7,2.3,3.0,2.0,2.7,3.0,2.3,2.0,3.3,3.7,1.0,3.0,3.7,2.3,1.0,1.0,1.0,4.0,60,2.47,AI Engineering
240183,Nina Al-Faris,2024,3.3,2.3,1.0,3.3,3.3,2.3,2.7,2.0,4.0,4.0,3.7,3.3,2.3,3.0,1.0,3.0,2.7,4.0,3.0,3.0,60,2.86,AI Engineering
240184,Eko Aminah,2024,2.7,2.3,2.7,3.0,3.0,4.0,3.7,3.0,4.0,3.7,4.0,4.0,3.3,1.0,3.0,2.0,2.7,3.3,3.0,3.7,60,3.1,RPL
240185,Rina Utami,2024,2.0,1.0,3.0,2.7,3.3,3.7,3.7,2.3,2.7,4.0,4.0,4.0,2.3,3.0,4.0,3.7,2.0,3.0,1.0,3.7,60,2.96,AI Engineering
240186,Nyoman Hidayat,2024,2.3,3.3,2.0,3.0,2.0,1.0,3.7,3.0,1.0,4.0,3.7,2.0,3.3,2.0,4.0,3.3,3.3,3.3,3.3,3.0,60,2.82,Cyber Security
240187,Budi Lestari,2024,2.7,3.0,3.3,3.3,4.0,1.0,2.0,3.7,3.3,2.3,4.0,3.7,3.7,3.7,4.0,4.0,2.0,4.0,2.3,3.3,60,3.17,Cyber Security
240188,Rina Hasibuan,2024,2.3,4.0,2.7,3.3,2.7,1.0,2.0,3.7,4.0,2.3,3.3,3.7,3.3,2.3,1.0,4.0,2.7,3.7,3.0,2.7,60,2.89,Cyber Security
240189,Hana Sembiring,2024,3.0,2.3,3.7,2.0,3.3,3.0,2.3,3.7,2.0,3.7,3.0,3.0,1.0,4.0,3.3,3.3,2.0,2.3,2.3,3.3,60,2.82,AI Engineering
240190,Putu Sembiring,2024,4.0,1.0,4.0,1.0,3.3,2.0,2.3,1.0,4.0,1.0,3.7,3.3,2.7,4.0,4.0,4.0,2.3,3.7,4.0,3.0,60,2.92,AI Engineering
240191,Aris Wulandari,2024,2.3,2.7,3.7,3.0,3.0,1.0,3.3,4.0,3.0,2.0,3.3,2.0,2.7,3.0,4.0,3.7,1.0,3.3,2.3,1.0,60,2.71,Cyber Security
240192,Taufik Wijaya,2024,4.0,3.0,3.7,2.3,2.7,2.7,2.7,3.7,4.0,3.0,4.0,3.7,2.3,3.0,2.7,3.7,3.3,4.0,2.3,3.0,60,3.19,AI Engineering
240193,Bagas Sari,2024,2.3,4.0,3.7,4.0,4.0,2.3,1.0,2.3,2.3,1.0,3.3,3.0,3.3,4.0,1.0,4.0,4.0,3.0,2.0,3.0,60,2.88,AI Engineering
240194,Dewi Lubis,2024,3.7,4.0,4.0,2.3,3.3,3.0,4.0,2.0,2.0,2.3,4.0,3.7,3.7,2.7,3.0,4.0,4.0,3.0,2.0,1.0,60,3.09,RPL
240195,Eko Siregar,2024,3.0,2.7,3.3,4.0,2.7,3.3,4.0,3.0,2.3,4.0,3.0,4.0,2.7,2.7,4.0,3.7,2.3,3.3,2.7,3.3,60,3.2,Cyber Security
240196,Iwan Fitriani,2024,3.7,3.0,4.0,4.0,3.0,2.0,2.7,3.3,1.0,2.0,2.0,3.0,2.7,4.0,3.3,3.0,2.0,2.3,2.0,2.7,60,2.79,Cyber Security
240197,Made Lubis,2024,2.3,2.3,2.7,3.0,3.3,2.7,3.3,4.0,3.0,3.0,3.3,4.0,2.7,3.0,3.3,3.3,1.0,2.0,3.7,2.0,60,2.9,Cyber Security
240198,Hana Situmorang,2024,1.0,3.0,3.0,2.7,3.7,3.0,3.7,2.7,2.0,4.0,3.0,4.0,3.0,2.3,3.7,2.0,4.0,3.7,1.0,2.3,60,2.89,RPL
240199,Nyoman Puspita,2024,3.0,2.0,4.0,3.7,2.7,2.0,2.0,3.3,2.0,1.0,2.3,3.7,3.0,4.0,2.7,3.3,3.7,1.0,2.7,2.0,60,2.71,Cyber Security
240200,Putu Aminah,2024,2.0,1.0,3.7,2.7,3.0,2.3,4.0,3.0,2.0,2.0,1.0,3.0,3.3,2.3,4.0,3.3,2.0,4.0,2.7,4.0,60,2.76,RPL
250001,Laila Hardi,2025,4.0,2.3,2.7,3.7,4.0,3.3,4.0,3.3,3.7,3.0,3.0,4.0,3.7,2.0,2.0,3.7,2.0,4.0,2.0,2.0,60,3.12,Cyber Security
250002,Doni Kurniawan,2025,2.3,2.0,2.0,3.7,1.0,1.0,2.7,3.7,1.0,1.0,3.0,4.0,2.7,4.0,2.3,2.0,2.7,4.0,1.0,4.0,60,2.5,AI Engineering
250003,Putu Harahap,2025,3.0,4.0,4.0,3.3,1.0,3.0,3.0,3.0,3.3,4.0,3.7,2.7,4.0,1.0,2.7,3.3,3.7,3.3,3.7,2.3,60,3.1,Cyber Security
250004,Vina Ginting,2025,1.0,1.0,2.7,2.3,3.3,4.0,2.0,2.3,3.7,2.3,3.7,3.7,3.7,4.0,2.3,4.0,2.3,1.0,3.3,3.3,60,2.79,AI Engineering
250005,Siska Ramadhan,2025,3.0,2.0,2.0,3.7,3.7,2.7,3.7,3.7,2.0,3.3,3.0,2.3,4.0,4.0,3.7,3.0,3.3,3.0,2.7,4.0,60,3.14,RPL
250006,Fajar Hasibuan,2025,2.0,4.0,2.0,3.0,2.7,2.3,2.7,4.0,2.0,3.0,2.0,1.0,4.0,2.0,4.0,4.0,2.7,2.7,4.0,2.7,60,2.84,Cyber Security
250007,Ayu Kurniawan,2025,2.0,3.0,2.3,3.7,3.0,3.7,3.0,3.3,4.0,3.0,3.0,3.3,2.7,1.0,2.0,4.0,2.0,3.3,3.0,2.7,60,2.9,Cyber Security
250008,Nina Rahayu,2025,2.3,3.0,2.7,4.0,3.7,2.3,4.0,2.7,3.0,2.0,4.0,2.0,3.7,3.3,2.0,3.3,4.0,3.7,2.7,2.0,60,3.02,RPL
250009,Doni Sembiring,2025,2.3,4.0,3.7,3.7,2.0,2.3,2.0,3.3,2.3,2.3,2.3,3.3,3.7,2.3,2.0,4.0,3.7,2.3,4.0,1.0,60,2.83,Cyber Security
250010,Nina Kurniawan,2025,3.7,3.0,3.3,1.0,2.3,2.7,2.7,3.3,3.3,4.0,3.7,3.3,1.0,3.0,4.0,2.3,3.0,1.0,2.3,3.0,60,2.79,AI Engineering
250011,Ayu Ginting,2025,1.0,3.3,2.0,4.0,3.0,3.0,2.3,2.3,3.0,2.3,3.3,3.3,2.3,3.0,3.7,3.3,3.0,2.0,3.3,3.3,60,2.83,AI Engineering
250012,Vina Situmorang,2025,3.0,3.7,3.0,4.0,3.3,3.7,4.0,3.0,2.0,4.0,3.7,3.0,3.3,4.0,4.0,3.7,4.0,2.7,4.0,3.3,60,3.47,AI Engineering
250013,Siti Rahayu,2025,3.7,2.0,3.0,2.0,1.0,2.7,2.7,3.3,4.0,3.0,3.0,3.0,2.3,3.7,2.7,2.3,2.0,3.3,3.3,3.0,60,2.8,AI Engineering
250014,Siska Mahendra,2025,2.7,3.0,3.7,2.3,2.3,3.3,1.0,3.0,2.7,2.3,3.3,3.3,2.7,4.0,3.0,3.7,3.3,3.7,2.0,3.3,60,2.93,AI Engineering
250015,Joko Siahaan,2025,3.0,2.3,1.0,4.0,2.7,1.0,3.7,4.0,3.0,3.7,4.0,4.0,2.0,3.7,4.0,4.0,2.0,3.0,3.3,3.0,60,3.07,AI Engineering
250016,Gita Pratama,2025,4.0,2.3,2.7,3.3,3.7,3.3,3.7,4.0,4.0,2.0,4.0,2.0,3.7,3.3,3.7,2.3,4.0,4.0,2.7,1.0,60,3.19,RPL
250017,Farhan Aminah,2025,3.7,3.7,3.3,3.0,2.3,3.3,2.3,3.7,2.3,3.7,1.0,2.7,3.0,4.0,3.7,3.7,2.3,3.0,3.7,3.7,60,3.11,Cyber Security
250018,Bagas Simanjuntak,2025,2.0,4.0,3.7,4.0,2.7,3.7,3.3,4.0,3.7,3.7,4.0,3.7,3.3,3.7,4.0,3.0,4.0,2.3,2.7,2.7,60,3.41,Cyber Security
250019,Putri Utami,2025,3.0,3.3,4.0,2.7,3.7,2.3,2.7,2.0,2.0,2.3,3.3,3.0,3.3,3.0,1.0,3.3,3.3,1.0,1.0,3.0,60,2.66,AI Engineering
250020,Joko Siregar,2025,3.7,4.0,3.3,3.7,2.0,3.7,1.0,3.3,3.0,2.0,4.0,3.3,1.0,4.0,1.0,2.0,3.7,2.0,2.3,4.0,60,2.85,AI Engineering
250021,Vina Rahayu,2025,1.0,2.7,2.7,3.3,2.3,3.0,1.0,3.7,2.7,2.0,2.7,2.0,4.0,3.0,1.0,3.0,2.3,3.7,2.7,2.3,60,2.55,Cyber Security
250022,Made Pasaribu,2025,2.3,3.7,1.0,3.7,2.3,4.0,3.7,3.0,2.3,1.0,3.0,2.7,2.7,3.3,3.0,3.0,3.0,1.0,3.7,2.7,60,2.76,Cyber Security
250023,Indah Mahendra,2025,1.0,2.7,2.7,2.3,4.0,3.7,2.0,3.7,1.0,4.0,4.0,3.0,3.7,3.0,2.3,4.0,2.7,3.3,3.7,3.0,60,2.99,AI Engineering
250024,Indah Simanjuntak,2025,2.0,3.3,2.0,4.0,1.0,2.7,3.7,3.0,2.3,2.3,1.0,3.0,3.7,3.0,4.0,3.7,4.0,3.7,4.0,3.3,60,2.99,Cyber Security
250025,Doni Hasibuan,2025,2.7,2.7,3.0,3.7,3.3,3.7,2.0,3.3,1.0,4.0,1.0,3.3,2.3,3.7,2.7,3.0,3.7,2.0,1.0,2.7,60,2.74,Cyber Security
250026,Lani Manurung,2025,1.0,1.0,3.0,3.0,2.0,2.7,1.0,3.3,1.0,2.0,1.0,3.7,3.7,2.3,1.0,3.0,3.0,2.0,1.0,1.0,60,2.08,Cyber Security
250027,Lani Puspita,2025,3.7,3.7,3.3,3.7,2.3,2.3,2.3,3.3,3.3,3.0,3.0,3.3,2.7,3.0,1.0,3.0,2.3,2.3,3.7,4.0,60,2.96,AI Engineering
250028,Joko Susanto,2025,3.3,2.0,3.3,2.3,2.7,3.0,2.7,3.3,3.3,2.3,3.3,3.3,3.0,3.7,1.0,3.3,1.0,3.7,3.7,4.0,60,2.91,AI Engineering
250029,Andi Sembiring,2025,2.3,1.0,3.3,3.3,3.0,3.3,4.0,2.3,2.3,3.7,2.3,3.7,4.0,2.0,2.0,3.3,3.3,3.0,3.7,3.3,60,2.95,RPL
250030,Siska Hasibuan,2025,2.3,2.0,2.3,3.7,3.0,4.0,3.0,4.0,4.0,2.7,2.3,1.0,3.7,3.0,1.0,3.3,3.3,3.3,3.0,3.3,60,2.91,RPL
250031,Bagas Zulkarnain,2025,3.7,4.0,2.0,3.7,2.7,4.0,3.7,3.7,4.0,2.3,3.3,3.3,3.7,2.7,3.7,3.3,1.0,2.3,3.3,3.3,60,3.18,Cyber Security
250032,Ayu Manurung,2025,2.0,2.7,1.0,3.0,4.0,4.0,3.0,2.7,1.0,3.3,4.0,3.7,2.0,3.7,1.0,3.3,3.0,3.3,1.0,3.7,60,2.77,AI Engineering
250033,Farhan Santoso,2025,2.0,3.7,3.0,4.0,3.3,2.7,3.0,1.0,3.3,4.0,4.0,3.0,4.0,1.0,2.3,1.0,3.0,3.0,1.0,3.0,60,2.76,RPL
250034,Putu Kurniawan,2025,3.3,4.0,4.0,2.7,3.0,2.3,3.7,3.3,1.0,2.0,2.0,1.0,3.3,1.0,2.3,2.0,3.3,3.0,3.7,4.0,60,2.74,RPL
250035,Siti Lubis,2025,3.3,2.7,1.0,3.3,1.0,3.7,1.0,3.3,4.0,3.7,4.0,2.0,3.7,3.0,3.7,3.7,2.3,2.3,2.7,3.0,60,2.87,Cyber Security
250036,Dewi Simanjuntak,2025,1.0,1.0,2.7,3.7,2.7,2.3,3.7,4.0,3.3,1.0,4.0,3.0,2.3,4.0,2.0,3.7,4.0,2.3,3.7,2.0,60,2.82,Cyber Security
250037,Dedi Sitepu,2025,2.7,3.7,2.0,2.7,3.3,4.0,2.0,3.3,1.0,2.3,3.7,4.0,2.7,4.0,2.0,2.3,1.0,4.0,2.7,3.0,60,2.82,AI Engineering
250038,Aris Harahap,2025,3.0,4.0,1.0,3.7,3.0,1.0,2.3,3.3,4.0,2.3,2.3,2.0,3.3,1.0,4.0,4.0,3.3,2.7,4.0,3.0,60,2.86,Cyber Security
250039,Hendra Ginting,2025,3.0,2.3,2.3,4.0,3.0,2.7,2.0,4.0,2.7,3.7,4.0,3.7,3.0,1.0,2.7,3.7,2.7,2.3,3.3,2.7,60,2.94,Cyber Security
250040,Andi Saputra,2025,4.0,1.0,2.3,3.7,2.7,1.0,3.3,3.7,1.0,3.3,3.0,3.3,2.3,3.3,2.0,4.0,1.0,2.0,2.3,3.0,60,2.61,AI Engineering
250041,Bambang Siregar,2025,3.7,3.0,4.0,1.0,3.7,2.0,3.7,1.0,3.7,4.0,3.3,3.3,2.3,4.0,4.0,3.0,2.7,2.3,3.0,4.0,60,3.08,AI Engineering
250042,Gita Lestari,2025,4.0,3.7,2.0,2.7,3.3,3.0,3.7,3.0,2.3,2.3,2.7,2.7,3.3,2.7,3.7,3.3,3.7,3.7,2.3,2.3,60,3.02,RPL
250043,Siti Saputra,2025,2.3,2.7,2.3,3.7,3.3,1.0,2.7,4.0,3.0,2.3,3.7,3.7,3.0,3.0,2.0,4.0,3.7,2.7,4.0,4.0,60,3.06,AI Engineering
250044,Agus Fitriani,2025,2.7,2.0,3.3,2.7,4.0,2.0,3.7,2.0,3.7,2.3,4.0,1.0,3.0,2.0,1.0,3.7,3.3,3.0,3.0,1.0,60,2.67,RPL
250045,Bagas Setiawan,2025,4.0,1.0,3.0,4.0,3.3,1.0,2.0,4.0,2.7,3.0,4.0,4.0,2.3,3.7,2.0,4.0,1.0,4.0,3.0,3.7,60,2.99,AI Engineering
250046,Rina Chaniago,2025,2.3,4.0,3.3,3.7,3.0,4.0,3.0,3.7,2.0,4.0,2.7,2.3,2.3,3.3,3.7,3.0,3.7,4.0,2.3,4.0,60,3.21,Cyber Security
250047,Euis Pohan,2025,3.0,3.0,1.0,3.3,2.3,3.7,2.0,3.3,2.3,1.0,3.7,2.3,4.0,2.0,3.0,3.0,2.0,3.7,2.0,4.0,60,2.73,Cyber Security
250048,Gani Mulyono,2025,3.0,3.7,2.0,4.0,3.0,4.0,2.3,4.0,1.0,2.7,2.0,2.3,2.3,1.0,3.3,3.0,2.7,2.7,2.7,4.0,60,2.79,Cyber Security
250049,Farhan Nasution,2025,1.0,2.7,4.0,3.0,3.3,2.7,3.0,3.3,3.7,3.0,2.3,3.3,3.7,4.0,2.7,2.7,2.7,3.7,4.0,3.0,60,3.09,RPL
250050,Agus Mulyono,2025,1.0,2.0,2.3,1.0,3.3,1.0,3.7,3.3,3.3,1.0,3.7,2.7,3.0,3.3,3.3,2.7,4.0,3.3,2.0,4.0,60,2.69,RPL
250051,Taufik Susanto,2025,2.0,3.3,4.0,2.7,4.0,3.7,3.7,4.0,3.3,3.0,1.0,2.0,4.0,3.3,3.0,2.3,1.0,3.3,3.7,3.0,60,3.01,RPL
250052,Gita Aminah,2025,2.7,4.0,3.7,3.3,1.0,3.3,3.7,4.0,2.7,3.3,3.7,3.0,2.7,2.3,3.3,4.0,4.0,1.0,2.3,3.7,60,3.08,Cyber Security
250053,Rina Santoso,2025,4.0,2.0,2.0,2.7,1.0,3.0,3.3,2.7,3.0,3.7,3.7,3.3,1.0,4.0,3.7,2.7,2.0,3.0,4.0,4.0,60,2.94,AI Engineering
250054,Nina Hardi,2025,2.3,3.3,2.3,3.7,1.0,3.7,2.3,2.7,2.7,2.3,4.0,3.7,4.0,4.0,2.0,2.0,2.0,3.3,2.0,3.3,60,2.83,AI Engineering
250055,Laila Zulkarnain,2025,4.0,4.0,3.0,3.3,2.3,1.0,3.0,3.7,3.0,2.3,2.0,4.0,3.7,3.0,2.3,3.3,4.0,1.0,2.0,2.7,60,2.88,Cyber Security
250056,Vina Kusuma,2025,3.3,2.7,2.3,4.0,3.3,3.7,2.3,3.0,3.3,2.7,2.0,3.3,2.0,2.0,2.0,4.0,3.0,2.0,3.3,2.0,60,2.81,Cyber Security
250057,Vina Setiawan,2025,3.3,1.0,2.7,3.3,3.0,2.7,3.7,3.0,2.7,2.7,4.0,2.0,4.0,3.0,3.7,3.7,2.7,3.0,2.7,1.0,60,2.9,RPL
250058,Indah Kurniawan,2025,3.0,3.7,1.0,3.0,3.7,3.0,1.0,3.3,3.0,4.0,1.0,2.3,4.0,3.7,3.3,3.0,2.0,4.0,3.3,3.3,60,2.93,Cyber Security
250059,Dadan Zulkarnain,2025,3.0,3.3,3.3,2.3,3.0,2.3,2.7,2.0,4.0,3.0,3.3,3.3,1.0,3.0,2.3,3.3,2.0,2.3,1.0,3.7,60,2.7,AI Engineering
250060,Lani Barus,2025,4.0,1.0,4.0,3.0,4.0,2.0,3.7,4.0,2.0,3.7,3.0,3.0,3.0,2.0,3.0,2.7,3.3,3.0,2.3,1.0,60,2.88,RPL
250061,Rizky Rahayu,2025,2.7,1.0,3.0,2.3,4.0,2.7,3.7,2.3,2.3,1.0,1.0,3.0,3.0,2.7,3.3,2.0,4.0,3.0,3.0,2.0,60,2.6,RPL
250062,Budi Ginting,2025,3.3,2.7,3.3,3.7,2.0,3.7,3.7,1.0,4.0,1.0,3.3,3.7,2.0,3.0,3.0,2.0,4.0,3.7,3.7,3.0,60,2.99,AI Engineering
250063,Iwan Hasibuan,2025,4.0,3.3,1.0,1.0,1.0,2.3,3.0,2.7,3.7,3.7,3.7,3.3,3.7,4.0,3.7,3.7,3.7,3.0,1.0,3.0,60,2.93,AI Engineering
250064,Hendra Pasaribu,2025,2.7,3.0,1.0,2.0,4.0,2.3,3.3,2.7,2.0,3.3,1.0,3.7,3.3,3.3,3.0,2.3,4.0,3.0,1.0,3.0,60,2.69,RPL
250065,Joko Puspita,2025,2.3,3.0,2.0,1.0,2.7,2.0,4.0,2.3,1.0,3.7,3.3,3.7,2.7,3.0,3.3,2.0,3.7,1.0,1.0,3.7,60,2.57,AI Engineering
250066,Indah Mulyono,2025,3.0,3.7,3.7,2.3,2.7,2.7,2.7,4.0,2.0,2.0,3.3,3.7,2.3,3.3,3.0,1.0,1.0,2.0,2.0,3.3,60,2.68,AI Engineering
250067,Farhan Hidayat,2025,3.3,4.0,2.0,3.3,1.0,2.0,1.0,3.0,2.3,2.0,3.0,3.3,2.7,1.0,2.7,4.0,1.0,4.0,2.0,4.0,60,2.58,Cyber Security
250068,Putu Lubis,2025,4.0,3.0,2.7,3.3,3.0,4.0,3.3,3.3,2.0,4.0,2.3,2.7,3.7,3.3,2.7,2.7,4.0,3.3,1.0,2.0,60,3.02,RPL
250069,Made Susanto,2025,3.7,3.7,2.7,2.7,3.3,4.0,3.7,1.0,2.3,2.7,3.0,4.0,3.7,3.3,1.0,3.0,4.0,1.0,3.7,3.0,60,2.98,AI Engineering
250070,Aris Sari,2025,1.0,3.7,3.0,1.0,4.0,2.3,4.0,2.3,2.7,2.3,2.3,1.0,3.7,1.0,1.0,4.0,4.0,3.0,2.0,2.0,60,2.52,RPL
250071,Budi Sari,2025,4.0,4.0,4.0,3.7,2.7,1.0,2.3,3.7,1.0,2.7,3.0,3.0,2.7,3.0,4.0,1.0,4.0,2.0,3.3,4.0,60,2.95,AI Engineering
250072,Fajar Puspita,2025,4.0,2.7,2.0,3.7,2.3,2.0,3.3,3.7,2.7,3.0,3.3,2.3,2.7,2.0,2.3,3.3,3.3,3.3,3.7,4.0,60,2.98,Cyber Security
250073,Tania Pohan,2025,1.0,1.0,2.7,2.7,3.7,2.0,3.7,2.3,3.7,3.7,3.7,3.3,3.7,4.0,2.3,2.3,1.0,4.0,2.0,3.0,60,2.79,AI Engineering
250074,Putu Sembiring,2025,2.3,3.3,3.0,1.0,3.0,3.3,4.0,3.7,4.0,3.3,3.0,3.0,4.0,2.3,2.0,1.0,1.0,3.3,1.0,3.7,60,2.76,RPL
250075,Taufik Hasibuan,2025,3.3,2.7,2.3,3.3,4.0,2.3,3.7,3.3,1.0,2.3,3.3,3.7,3.0,3.0,3.0,3.0,1.0,4.0,3.3,2.3,60,2.89,Cyber Security
250076,Dedi Santoso,2025,1.0,3.7,3.3,4.0,3.7,2.3,2.0,4.0,2.3,3.0,2.7,3.3,3.7,4.0,4.0,4.0,2.3,2.0,2.0,3.7,60,3.05,Cyber Security
250077,Rina Puspita,2025,2.0,2.7,4.0,2.3,1.0,2.3,2.0,2.0,2.0,2.0,3.3,3.7,1.0,3.0,3.0,3.3,4.0,2.0,2.7,4.0,60,2.61,AI Engineering
250078,Dewi Zulkarnain,2025,2.0,2.0,2.7,2.3,4.0,3.7,4.0,3.3,2.7,2.7,3.0,2.0,4.0,1.0,4.0,3.7,3.0,4.0,2.3,3.7,60,3.0,RPL
250079,Rosa Sembiring,2025,3.7,3.0,3.3,3.3,2.3,2.7,3.3,4.0,1.0,3.7,3.3,3.3,3.3,4.0,2.3,3.0,2.0,2.3,3.3,3.3,60,3.02,Cyber Security
250080,Gani Manurung,2025,3.3,2.0,1.0,2.3,4.0,1.0,2.0,2.7,2.0,3.3,3.7,3.0,3.0,3.0,3.3,3.3,3.0,2.3,3.3,3.3,60,2.74,AI Engineering
250081,Indah Sari,2025,2.3,2.7,2.7,2.0,3.0,3.3,4.0,3.0,3.3,2.7,3.3,2.7,3.0,4.0,3.0,4.0,2.0,3.0,3.7,3.7,60,3.07,RPL
250082,Hana Kurniawan,2025,4.0,2.7,4.0,2.3,4.0,2.7,4.0,1.0,2.3,1.0,3.3,3.7,4.0,3.7,2.7,2.3,2.0,2.7,4.0,3.3,60,2.99,AI Engineering
250083,Citra Utami,2025,2.3,4.0,1.0,4.0,4.0,1.0,3.0,3.3,2.3,2.7,3.3,3.0,2.7,3.3,3.3,4.0,3.7,3.0,2.0,4.0,60,3.0,AI Engineering
250084,Hendra Tanjung,2025,1.0,2.7,3.7,4.0,4.0,2.7,4.0,2.7,2.7,2.7,3.7,4.0,2.3,3.7,3.7,3.3,2.7,2.3,2.0,4.0,60,3.09,AI Engineering
250085,Hana Wijaya,2025,2.0,3.3,2.3,3.0,2.7,3.7,3.0,4.0,2.7,3.0,2.3,1.0,3.7,2.0,2.3,3.0,3.7,3.7,2.3,2.7,60,2.82,Cyber Security
250086,Andi Lubis,2025,3.7,2.3,3.7,4.0,3.7,3.0,3.0,2.7,3.7,3.7,1.0,4.0,3.3,4.0,2.0,2.0,2.0,3.7,2.7,1.0,60,2.96,RPL
250087,Agus Wijaya,2025,2.7,2.0,2.0,3.0,2.7,2.3,3.3,3.0,1.0,1.0,3.0,4.0,2.7,3.3,2.0,4.0,2.7,4.0,3.3,3.0,60,2.75,AI Engineering
250088,Maya Sari,2025,2.0,2.7,3.7,1.0,2.7,3.0,3.7,4.0,2.3,2.3,3.3,3.0,3.0,3.3,3.3,3.3,3.0,3.7,3.7,3.0,60,3.0,AI Engineering
250089,Zaki Sembiring,2025,2.7,3.3,2.7,2.0,3.0,3.7,3.3,4.0,4.0,3.0,2.7,3.0,3.7,1.0,2.0,3.0,2.3,3.7,2.0,2.7,60,2.89,RPL
250090,Gita Setiawan,2025,1.0,1.0,1.0,2.0,1.0,3.0,2.7,3.3,2.3,4.0,3.7,4.0,4.0,4.0,2.0,1.0,3.3,1.0,3.0,3.3,60,2.53,AI Engineering
250091,Ayu Situmorang,2025,3.0,2.7,2.7,1.0,3.0,1.0,3.7,1.0,1.0,2.7,3.3,4.0,3.0,3.7,1.0,2.0,2.3,3.0,2.0,1.0,60,2.35,RPL
250092,Putu Hidayat,2025,3.3,2.3,4.0,4.0,3.7,2.0,1.0,3.0,2.7,2.7,3.0,3.3,1.0,2.7,4.0,4.0,2.7,2.3,2.3,4.0,60,2.9,Cyber Security
250093,Siska Zulkarnain,2025,2.0,3.3,3.0,1.0,3.3,4.0,2.3,3.7,2.7,2.0,3.0,3.3,2.3,3.0,4.0,3.3,3.3,2.0,3.0,3.3,60,2.89,AI Engineering
250094,Aris Mulyono,2025,3.3,4.0,2.7,3.0,4.0,2.0,3.0,2.7,2.3,3.7,2.7,2.3,3.7,2.3,2.0,2.7,2.7,4.0,2.0,4.0,60,2.96,RPL
250095,Budi Barus,2025,2.7,3.0,4.0,3.0,2.3,4.0,2.7,3.0,3.0,3.7,3.3,1.0,2.7,1.0,3.3,3.3,2.0,3.3,4.0,1.0,60,2.81,Cyber Security
250096,Maya Lestari,2025,3.3,1.0,1.0,2.3,2.7,3.3,2.0,2.3,3.7,3.3,4.0,3.7,2.0,4.0,3.3,2.0,2.7,4.0,2.3,3.0,60,2.79,AI Engineering
250097,Gita Pasaribu,2025,2.7,1.0,4.0,4.0,2.0,4.0,1.0,3.7,3.7,2.3,3.7,3.7,3.0,4.0,2.7,2.3,2.3,3.3,3.3,3.7,60,3.02,AI Engineering
250098,Rina Situmorang,2025,4.0,1.0,2.7,3.3,3.3,3.7,3.0,4.0,4.0,3.7,3.0,2.0,4.0,4.0,2.0,3.0,3.3,4.0,2.3,3.0,60,3.17,RPL
250099,Hana Barus,2025,2.3,1.0,3.3,3.0,3.0,2.7,4.0,3.3,2.7,3.3,2.0,2.3,3.7,3.7,3.3,3.0,2.0,4.0,1.0,2.0,60,2.78,RPL
250100,Made Ramadhan,2025,2.3,2.0,3.3,3.7,2.0,3.7,3.7,2.7,1.0,4.0,3.7,3.0,3.0,3.7,1.0,2.7,3.7,2.0,1.0,3.7,60,2.8,AI Engineering
250101,Joko Kusuma,2025,2.0,2.0,3.3,2.3,2.3,3.7,2.7,4.0,4.0,3.7,3.7,4.0,2.0,4.0,3.3,1.0,2.0,4.0,2.0,3.0,60,2.95,AI Engineering
250102,Doni Al-Faris,2025,3.0,4.0,3.3,3.0,2.7,2.3,3.0,4.0,2.7,3.0,3.0,3.7,3.7,2.7,4.0,3.7,2.7,3.7,2.0,3.3,60,3.18,Cyber Security
250103,Citra Chaniago,2025,3.3,2.0,2.3,4.0,1.0,3.3,2.7,3.3,4.0,3.3,2.7,4.0,4.0,2.7,2.0,4.0,3.0,3.7,2.7,4.0,60,3.1,Cyber Security
250104,Fajar Puspita,2025,1.0,1.0,2.3,3.7,1.0,2.7,4.0,3.7,3.7,2.0,3.7,4.0,3.0,3.7,2.3,4.0,2.7,3.3,2.0,1.0,60,2.74,Cyber Security
250105,Andi Siahaan,2025,4.0,4.0,2.0,3.3,3.7,2.0,3.7,3.7,2.7,3.3,2.3,2.3,2.0,3.0,2.7,3.3,3.7,2.0,1.0,3.0,60,2.88,Cyber Security
250106,Nina Hardi,2025,2.3,3.3,3.0,2.7,3.0,3.0,2.3,3.7,3.7,3.0,3.0,3.3,3.0,3.7,3.0,1.0,2.3,2.0,2.3,4.0,60,2.88,AI Engineering
250107,Putu Aminah,2025,2.0,4.0,1.0,4.0,2.0,2.3,4.0,1.0,3.3,3.3,4.0,4.0,3.3,4.0,4.0,2.3,1.0,2.0,2.7,3.7,60,2.9,AI Engineering
250108,Farhan Zulkarnain,2025,2.0,2.7,1.0,3.0,1.0,3.0,3.3,3.0,2.0,3.7,4.0,4.0,4.0,3.0,3.3,1.0,3.3,2.7,2.3,4.0,60,2.81,AI Engineering
250109,Siti Kusuma,2025,2.0,2.3,2.0,3.0,3.7,3.0,2.3,4.0,2.0,2.7,2.7,3.7,4.0,1.0,4.0,4.0,3.3,3.7,3.0,4.0,60,3.02,Cyber Security
250110,Eko Chaniago,2025,3.3,4.0,1.0,3.3,1.0,2.7,2.3,4.0,3.0,3.3,2.0,1.0,3.7,1.0,2.7,3.0,3.7,2.3,3.7,2.7,60,2.69,Cyber Security
250111,Maya Kurniawan,2025,3.7,2.0,4.0,3.0,3.0,3.3,3.3,3.3,1.0,4.0,1.0,3.0,3.0,4.0,3.0,3.7,1.0,3.0,3.7,3.7,60,2.99,RPL
250112,Putri Utami,2025,1.0,2.0,2.7,3.7,2.7,3.3,3.3,3.3,1.0,1.0,2.7,2.0,4.0,3.0,3.3,3.3,2.0,2.3,2.0,3.3,60,2.59,Cyber Security
250113,Maya Lubis,2025,4.0,3.3,4.0,3.7,2.0,1.0,3.0,3.3,4.0,4.0,4.0,2.3,3.0,4.0,3.3,4.0,3.3,2.7,3.0,3.3,60,3.26,Cyber Security
250114,Doni Sitepu,2025,2.7,3.7,3.0,3.0,3.7,1.0,3.0,2.0,2.7,2.7,3.0,3.7,3.3,2.3,1.0,3.7,2.3,3.0,4.0,4.0,60,2.89,RPL
250115,Doni Pratama,2025,4.0,3.7,3.3,2.3,2.0,2.0,2.7,2.7,2.0,1.0,3.7,3.7,3.3,4.0,2.0,3.0,3.0,2.0,3.7,3.7,60,2.89,AI Engineering
250116,Nina Simanjuntak,2025,4.0,1.0,2.0,4.0,1.0,2.0,2.0,3.0,2.3,3.3,3.7,3.7,3.0,3.7,2.7,3.3,2.0,4.0,2.3,2.3,60,2.76,Cyber Security
250117,Tania Hasibuan,2025,1.0,3.3,2.7,3.0,4.0,2.7,3.7,2.7,3.0,4.0,1.0,3.0,3.3,2.7,2.7,3.3,4.0,3.0,1.0,3.0,60,2.85,RPL
250118,Bambang Mahendra,2025,1.0,4.0,2.0,2.0,2.7,2.3,3.7,2.3,2.0,3.7,3.3,3.3,2.0,3.3,2.3,2.3,1.0,3.0,3.0,4.0,60,2.66,AI Engineering
250119,Euis Kurniawan,2025,2.3,3.0,3.0,3.7,4.0,4.0,2.7,3.0,3.7,1.0,2.3,2.7,2.7,3.0,3.3,3.0,1.0,3.3,2.0,3.7,60,2.87,Cyber Security
250120,Ayu Hasibuan,2025,3.0,3.7,3.0,4.0,4.0,4.0,3.3,4.0,2.7,3.0,1.0,3.3,3.0,3.3,2.0,2.7,4.0,3.7,2.7,2.0,60,3.12,RPL
250121,Gita Pasaribu,2025,4.0,2.3,2.7,4.0,3.7,2.0,4.0,2.7,3.7,2.3,1.0,2.0,3.0,2.3,2.0,2.3,4.0,3.3,1.0,2.0,60,2.71,RPL
250122,Joko Harahap,2025,1.0,2.3,2.0,3.7,3.0,1.0,2.0,3.3,2.3,3.3,4.0,2.0,3.3,3.0,4.0,3.7,2.0,1.0,1.0,2.7,60,2.53,Cyber Security
250123,Gani Hardi,2025,4.0,3.0,2.7,2.7,1.0,1.0,3.7,3.0,1.0,2.7,3.3,3.7,2.3,4.0,3.7,3.7,2.7,3.7,3.0,3.7,60,2.93,AI Engineering
250124,Gita Saputra,2025,4.0,1.0,1.0,2.7,3.7,3.7,2.3,1.0,3.7,1.0,3.7,3.3,3.0,3.3,2.3,3.3,2.3,3.3,3.3,4.0,60,2.79,AI Engineering
250125,Budi Barus,2025,2.7,3.3,3.3,3.3,2.3,2.3,4.0,3.7,3.0,2.0,2.0,3.0,3.7,3.7,2.0,3.3,2.7,3.0,2.7,3.3,60,2.97,Cyber Security
250126,Budi Zulkarnain,2025,2.0,2.7,4.0,2.3,3.3,2.7,3.3,2.3,2.7,2.0,3.7,2.0,3.3,1.0,3.3,3.3,1.0,3.7,4.0,1.0,60,2.68,RPL
250127,Nyoman Hasibuan,2025,3.7,4.0,3.3,3.0,2.7,2.3,2.7,3.3,1.0,4.0,3.0,3.7,1.0,4.0,1.0,1.0,4.0,3.3,1.0,3.7,60,2.79,AI Engineering
250128,Ayu Mulyono,2025,3.0,3.0,3.7,3.7,4.0,2.0,1.0,3.7,1.0,2.0,2.7,2.7,3.3,2.7,3.7,3.7,1.0,1.0,3.0,2.7,60,2.68,Cyber Security
250129,Gita Sembiring,2025,2.3,2.0,2.3,2.7,3.3,1.0,3.0,4.0,3.3,4.0,4.0,2.3,4.0,3.0,1.0,3.7,2.3,3.7,1.0,3.7,60,2.83,RPL
250130,Siti Hidayat,2025,3.0,3.3,2.0,2.7,3.7,2.3,2.0,3.7,2.3,3.3,3.7,3.7,2.0,3.3,1.0,3.0,3.0,3.7,2.7,3.0,60,2.87,AI Engineering
250131,Gani Setiawan,2025,3.3,3.3,1.0,3.3,4.0,4.0,2.0,4.0,2.3,3.7,1.0,2.0,4.0,4.0,1.0,4.0,1.0,2.0,3.3,1.0,60,2.71,Cyber Security
250132,Andi Utami,2025,3.7,3.7,2.7,3.3,3.3,2.0,2.3,3.3,4.0,2.7,4.0,1.0,3.7,2.3,3.3,3.3,2.0,2.3,4.0,3.0,60,2.99,Cyber Security
250133,Joko Rahayu,2025,2.7,3.0,4.0,3.7,2.7,2.3,2.7,3.7,2.0,3.7,2.7,2.0,2.7,2.0,4.0,4.0,2.0,2.3,3.3,2.3,60,2.89,Cyber Security
250134,Farhan Hidayat,2025,2.0,2.3,1.0,2.3,1.0,2.7,1.0,2.0,4.0,2.3,4.0,4.0,3.7,3.7,1.0,4.0,3.0,4.0,2.7,4.0,60,2.74,AI Engineering
250135,Nyoman Siahaan,2025,2.7,2.3,1.0,3.3,3.3,2.0,1.0,4.0,4.0,4.0,4.0,1.0,3.0,1.0,2.3,3.7,4.0,2.7,3.0,2.7,60,2.75,Cyber Security
250136,Gita Sari,2025,3.7,2.7,3.0,2.7,3.7,3.0,3.7,2.0,3.3,2.0,4.0,3.7,2.7,4.0,3.7,2.7,2.3,3.7,3.0,3.7,60,3.17,AI Engineering
250137,Maya Siregar,2025,4.0,1.0,2.7,3.3,2.3,2.0,3.0,4.0,1.0,1.0,2.7,2.3,2.0,3.3,2.0,4.0,2.0,3.7,3.3,3.0,60,2.63,Cyber Security
250138,Putri Santoso,2025,3.3,3.3,2.0,3.3,3.3,3.7,3.3,2.3,2.0,2.7,2.3,3.0,3.7,3.3,2.7,2.3,1.0,4.0,2.0,3.0,60,2.83,RPL
250139,Budi Siahaan,2025,3.0,4.0,3.3,3.0,3.3,1.0,3.3,4.0,3.7,3.0,3.3,1.0,1.0,4.0,2.3,3.7,3.0,3.7,2.3,4.0,60,3.0,Cyber Security
250140,Euis Sari,2025,2.0,1.0,2.3,3.7,3.0,2.7,4.0,3.7,1.0,3.7,2.0,3.0,4.0,1.0,3.3,3.0,4.0,4.0,4.0,2.0,60,2.87,Cyber Security
250141,Aris Saputra,2025,2.0,2.0,3.3,1.0,4.0,2.3,3.7,1.0,2.3,2.0,3.0,4.0,3.0,3.0,3.7,2.7,3.3,4.0,3.0,3.7,60,2.85,RPL
250142,Doni Siahaan,2025,4.0,2.3,3.0,1.0,4.0,4.0,2.3,4.0,2.0,4.0,3.0,4.0,2.3,3.3,2.0,2.0,2.0,1.0,2.3,3.3,60,2.79,AI Engineering
250143,Aris Situmorang,2025,2.0,2.3,4.0,4.0,2.0,2.7,2.3,3.3,2.3,3.0,4.0,1.0,3.7,2.0,2.3,4.0,3.0,3.7,2.3,3.0,60,2.85,Cyber Security
250144,Hendra Utami,2025,2.0,2.3,3.7,3.0,1.0,2.3,2.7,4.0,3.7,4.0,1.0,4.0,2.0,4.0,3.7,3.0,2.0,3.3,2.7,3.3,60,2.89,Cyber Security
250145,Doni Wulandari,2025,2.3,2.3,3.0,3.3,3.0,2.3,3.7,1.0,1.0,2.3,3.0,2.0,3.7,3.3,3.7,2.3,3.3,4.0,2.3,4.0,60,2.79,RPL
250146,Indah Manurung,2025,2.7,2.7,3.3,3.7,4.0,2.3,3.3,4.0,2.7,3.3,3.3,4.0,2.0,3.7,1.0,3.3,3.0,2.0,3.3,3.7,60,3.06,AI Engineering
250147,Aris Puspita,2025,3.7,2.0,2.3,3.3,2.7,4.0,3.3,3.7,2.7,2.7,3.0,3.0,3.3,3.7,2.3,3.3,3.3,3.7,2.7,2.0,60,3.03,Cyber Security
250148,Fajar Wulandari,2025,3.0,1.0,2.0,2.7,1.0,1.0,3.3,3.0,2.0,4.0,3.3,3.3,2.0,3.0,2.3,2.3,1.0,3.3,2.0,3.3,60,2.44,AI Engineering
250149,Siska Zulkarnain,2025,4.0,1.0,3.0,3.7,2.3,1.0,3.3,3.7,2.0,2.0,3.7,2.7,4.0,1.0,2.0,3.7,4.0,1.0,3.7,1.0,60,2.64,Cyber Security
250150,Zaki Utami,2025,2.0,3.3,1.0,3.3,1.0,2.3,2.7,4.0,1.0,2.0,4.0,2.0,2.3,1.0,3.7,3.7,3.7,2.0,3.0,2.3,60,2.52,Cyber Security
250151,Tania Lestari,2025,4.0,3.0,4.0,2.3,3.0,1.0,3.7,3.3,3.0,3.0,2.0,3.3,3.7,3.7,3.7,2.7,3.0,3.3,2.3,1.0,60,2.95,RPL
250152,Lani Setiawan,2025,3.7,2.7,2.7,3.7,4.0,2.0,3.7,3.7,2.3,1.0,1.0,2.0,4.0,2.7,2.7,3.0,3.3,3.7,3.3,4.0,60,2.96,RPL
250153,Aris Hidayat,2025,3.7,1.0,3.3,3.3,2.0,2.0,3.3,2.0,3.0,4.0,3.7,3.0,4.0,4.0,2.0,3.3,2.3,2.7,3.3,3.0,60,2.94,AI Engineering
250154,Putri Simanjuntak,2025,2.7,4.0,3.0,3.3,3.3,2.7,3.7,4.0,3.7,1.0,1.0,1.0,3.7,2.7,4.0,3.3,2.0,3.0,3.0,3.0,60,2.91,RPL
250155,Putu Zulkarnain,2025,2.3,2.7,2.0,3.0,3.3,2.7,1.0,2.3,3.7,3.0,3.0,3.0,3.3,3.7,3.7,3.0,1.0,4.0,2.0,4.0,60,2.83,AI Engineering
250156,Tania Mahendra,2025,2.0,3.3,3.3,3.0,3.7,2.3,3.0,4.0,4.0,1.0,3.0,2.7,4.0,2.3,3.0,3.7,2.3,3.3,3.7,2.3,60,3.0,RPL
250157,Rosa Kurniawan,2025,4.0,2.0,1.0,2.0,3.7,3.0,3.3,2.0,4.0,2.7,2.0,2.3,3.7,4.0,3.7,1.0,3.0,3.0,2.7,3.7,60,2.84,RPL
250158,Hendra Hidayat,2025,2.0,3.3,2.3,4.0,1.0,2.7,4.0,3.3,2.7,3.0,2.3,3.7,3.0,2.7,1.0,3.3,1.0,3.3,4.0,2.7,60,2.77,Cyber Security
250159,Gita Ramadhan,2025,1.0,2.7,2.3,1.0,2.7,2.3,3.3,2.3,2.7,2.0,4.0,3.3,1.0,3.3,3.0,2.3,2.7,4.0,2.7,4.0,60,2.63,AI Engineering
250160,Laila Chaniago,2025,2.0,2.0,4.0,3.7,2.7,2.3,2.0,3.3,2.3,4.0,3.3,4.0,4.0,3.0,2.7,2.0,4.0,3.0,4.0,4.0,60,3.12,AI Engineering
250161,Dadan Al-Faris,2025,2.3,1.0,2.3,4.0,3.0,2.0,2.0,3.3,2.7,1.0,2.7,3.0,2.7,2.0,2.3,3.3,4.0,1.0,2.3,2.7,60,2.48,Cyber Security
250162,Tania Zulkarnain,2025,1.0,3.0,2.7,3.7,2.7,2.3,3.0,3.3,1.0,2.3,2.3,3.3,4.0,2.0,3.0,3.0,3.3,3.0,2.0,2.3,60,2.66,Cyber Security
250163,Maya Santoso,2025,1.0,2.7,2.7,3.0,2.7,2.7,2.7,3.7,3.0,3.7,4.0,3.0,2.0,2.7,1.0,3.0,2.7,3.0,2.3,2.0,60,2.68,Cyber Security
250164,Rosa Saputra,2025,1.0,1.0,3.3,3.0,4.0,4.0,4.0,3.7,2.7,2.0,2.3,3.0,3.0,1.0,1.0,2.0,3.7,3.3,3.7,1.0,60,2.64,RPL
250165,Iwan Hidayat,2025,2.0,2.7,3.7,3.3,3.0,4.0,3.0,3.3,1.0,2.0,3.3,2.3,3.7,3.3,2.7,2.7,2.0,3.7,2.3,2.3,60,2.82,RPL
250166,Rizky Mahendra,2025,2.3,3.3,2.3,3.0,2.0,2.3,3.7,2.3,2.3,1.0,4.0,3.0,3.0,4.0,3.3,2.0,2.7,2.3,2.3,3.7,60,2.74,AI Engineering
250167,Eko Mulyono,2025,2.3,2.0,1.0,3.7,3.0,2.3,2.0,3.0,3.3,3.7,3.0,1.0,3.7,3.7,2.7,3.0,3.3,1.0,2.3,2.3,60,2.61,Cyber Security
250168,Budi Mulyono,2025,3.3,2.3,2.0,3.0,3.3,3.3,3.0,3.7,2.7,2.3,3.0,3.0,3.3,4.0,3.3,1.0,3.3,4.0,2.7,2.3,60,2.94,RPL
250169,Farhan Mahendra,2025,1.0,2.0,2.3,2.3,3.0,3.3,4.0,3.0,2.3,4.0,2.7,3.3,4.0,1.0,3.0,2.7,2.3,3.0,1.0,2.7,60,2.65,RPL
250170,Vina Lubis,2025,3.3,3.3,4.0,2.3,3.3,2.3,3.7,4.0,1.0,2.0,2.3,3.0,3.0,1.0,3.7,3.3,1.0,3.7,3.0,2.0,60,2.76,RPL
250171,Indah Kurniawan,2025,2.0,2.7,2.3,3.3,2.7,1.0,3.0,3.0,1.0,1.0,4.0,2.0,3.0,3.3,2.3,3.3,2.7,2.0,2.3,3.7,60,2.53,Cyber Security
250172,Laila Saputra,2025,3.0,3.3,4.0,3.7,3.3,3.7,3.7,3.0,3.7,1.0,3.3,4.0,3.3,3.7,4.0,2.3,2.0,3.0,3.3,2.3,60,3.18,RPL
250173,Bagas Ginting,2025,4.0,3.7,2.3,3.3,3.0,4.0,3.7,3.7,3.7,3.7,3.7,3.7,3.7,2.3,2.0,3.3,1.0,4.0,2.7,4.0,60,3.27,RPL
250174,Hana Harahap,2025,3.3,3.7,1.0,2.7,4.0,3.3,3.7,2.0,3.7,3.7,2.3,3.7,4.0,2.3,2.0,3.7,4.0,4.0,2.0,3.7,60,3.14,RPL
250175,Siti Chaniago,2025,2.0,2.3,2.7,3.0,4.0,2.0,2.7,3.0,2.3,3.7,3.3,3.3,3.7,3.7,2.7,2.7,1.0,3.0,3.3,3.0,60,2.87,AI Engineering
250176,Iwan Wulandari,2025,2.7,1.0,3.0,3.3,3.0,1.0,3.3,3.7,3.3,2.0,3.3,2.7,1.0,2.7,3.0,3.3,3.0,2.0,3.3,4.0,60,2.73,Cyber Security
250177,Budi Sembiring,2025,2.0,1.0,2.3,3.7,3.3,2.0,4.0,4.0,1.0,3.7,1.0,2.0,4.0,2.7,4.0,4.0,4.0,3.7,4.0,3.3,60,2.99,RPL
250178,Budi Mahendra,2025,1.0,4.0,3.3,4.0,3.0,3.3,3.7,2.0,3.7,3.0,3.0,4.0,4.0,3.0,3.0,2.3,2.0,3.0,3.3,3.7,60,3.11,AI Engineering
250179,Doni Lestari,2025,3.7,2.0,3.0,2.0,4.0,4.0,1.0,2.0,4.0,4.0,3.3,3.0,3.3,3.7,3.0,2.7,4.0,2.0,1.0,3.3,60,2.95,AI Engineering
250180,Nina Simanjuntak,2025,1.0,2.3,3.3,3.3,3.3,4.0,2.7,3.3,3.0,2.0,2.3,3.7,2.7,3.0,2.0,4.0,4.0,2.0,2.3,2.7,60,2.85,Cyber Security
250181,Indah Wulandari,2025,3.0,4.0,3.0,2.3,1.0,3.0,2.3,4.0,2.7,3.3,3.7,4.0,3.0,3.7,2.7,1.0,3.0,2.7,1.0,4.0,60,2.87,AI Engineering
250182,Andi Nasution,2025,2.3,4.0,3.0,4.0,3.0,3.3,3.3,3.7,3.7,4.0,4.0,3.0,2.3,3.7,2.0,1.0,1.0,4.0,2.7,3.7,60,3.08,AI Engineering
250183,Euis Tanjung,2025,3.0,2.7,4.0,3.0,4.0,1.0,2.7,3.3,4.0,4.0,1.0,4.0,2.3,3.7,3.0,4.0,4.0,2.3,4.0,4.0,60,3.2,Cyber Security
250184,Dadan Kusuma,2025,4.0,3.3,3.3,3.0,3.0,3.0,3.0,3.0,4.0,3.0,4.0,3.3,4.0,3.0,3.7,3.0,2.7,2.7,3.3,2.3,60,3.23,Cyber Security
250185,Rizky Pratama,2025,2.0,1.0,1.0,3.3,2.3,3.0,2.3,3.3,3.0,3.3,2.3,4.0,2.0,1.0,2.7,4.0,3.3,3.7,3.3,3.3,60,2.7,Cyber Security
250186,Putu Puspita,2025,3.0,3.7,3.3,3.0,2.7,4.0,4.0,1.0,3.7,3.7,3.3,3.7,2.0,3.0,1.0,2.0,3.0,3.3,3.7,3.0,60,3.0,AI Engineering
250187,Citra Chaniago,2025,1.0,3.7,3.7,3.7,2.7,2.3,2.0,2.0,3.0,3.0,3.7,3.3,3.0,3.0,3.0,3.0,4.0,3.3,2.7,3.7,60,2.99,AI Engineering
250188,Andi Saputra,2025,1.0,2.3,1.0,3.7,3.0,3.0,4.0,3.0,2.7,2.7,2.7,2.7,4.0,2.3,3.7,2.0,1.0,4.0,3.3,2.7,60,2.74,RPL
250189,Laila Puspita,2025,3.0,2.3,2.3,3.0,4.0,3.7,1.0,4.0,3.3,2.0,3.3,3.3,2.0,4.0,2.7,2.0,3.0,3.0,3.7,3.7,60,2.97,AI Engineering
250190,Gani Saputra,2025,2.3,2.0,3.0,4.0,3.0,4.0,3.3,3.7,2.0,4.0,3.3,3.0,3.0,1.0,3.0,3.7,4.0,3.7,3.7,4.0,60,3.19,Cyber Security
250191,Eko Lestari,2025,3.7,2.0,4.0,4.0,3.0,3.7,2.0,2.3,3.0,3.0,3.7,4.0,1.0,3.3,2.3,3.7,4.0,3.7,2.0,3.3,60,3.08,AI Engineering
250192,Agus Situmorang,2025,1.0,4.0,3.3,3.7,4.0,2.3,4.0,1.0,4.0,4.0,1.0,3.7,3.3,4.0,2.3,3.3,2.0,3.7,2.7,2.3,60,2.98,RPL
250193,Laila Susanto,2025,2.3,3.0,1.0,3.0,3.3,2.7,3.0,2.0,4.0,1.0,2.3,2.3,3.3,2.7,1.0,2.3,3.0,3.0,3.3,2.7,60,2.56,RPL
250194,Zaki Kurniawan,2025,2.7,2.3,3.0,3.7,3.0,4.0,3.0,3.3,3.0,4.0,1.0,4.0,3.0,1.0,3.3,2.3,2.7,4.0,1.0,1.0,60,2.76,RPL
250195,Nyoman Pohan,2025,1.0,2.0,3.7,3.0,4.0,2.0,4.0,4.0,3.3,3.0,2.3,3.0,3.0,2.0,2.0,3.0,3.3,3.7,1.0,3.0,60,2.81,RPL
250196,Putu Santoso,2025,4.0,2.7,3.7,2.7,3.7,2.0,3.7,3.0,2.0,4.0,3.3,2.3,4.0,2.3,4.0,2.0,2.0,3.0,1.0,3.3,60,2.93,RPL
250197,Rina Susanto,2025,3.3,2.3,4.0,4.0,1.0,2.3,3.3,3.0,3.3,4.0,3.0,2.0,3.3,1.0,3.0,4.0,2.3,4.0,3.0,1.0,60,2.85,Cyber Security
250198,Siska Pohan,2025,3.0,4.0,2.3,3.7,4.0,2.0,3.0,3.3,3.0,3.0,4.0,2.3,4.0,1.0,2.3,3.7,2.3,3.7,4.0,2.0,60,3.03,Cyber Security
250199,Iwan Manurung,2025,3.0,1.0,2.7,3.7,4.0,4.0,3.7,1.0,3.0,2.0,2.3,2.7,4.0,1.0,4.0,2.7,1.0,3.7,3.0,2.0,60,2.73,RPL
250200,Iwan Kusuma,2025,4.0,4.0,2.3,3.0,1.0,3.0,2.3,2.7,3.7,1.0,3.7,3.7,3.3,3.0,2.7,2.3,4.0,2.0,2.0,3.7,60,2.87,AI Engineering
260001,Nina Fitriani,2026,3.0,3.3,3.7,3.7,3.7,3.7,3.0,2.0,2.3,4.0,4.0,3.3,3.7,1.0,2.3,2.3,2.0,4.0,3.7,3.3,60,3.1,RPL
260002,Joko Setiawan,2026,3.7,1.0,4.0,3.7,3.7,1.0,2.0,3.3,3.0,3.0,3.7,3.7,2.3,3.7,3.0,3.0,2.3,2.3,2.3,3.7,60,2.92,AI Engineering
260003,Doni Hasibuan,2026,3.3,3.0,2.7,3.0,3.3,3.0,3.7,1.0,4.0,3.0,3.3,3.3,3.7,3.7,2.0,2.0,3.3,3.0,1.0,4.0,60,2.96,AI Engineering
260004,Eko Fitriani,2026,2.7,2.7,2.7,3.7,2.3,1.0,2.0,3.3,3.7,3.3,3.3,3.3,3.7,2.3,1.0,3.0,3.0,2.7,3.3,4.0,60,2.85,Cyber Security
260005,Dewi Santoso,2026,3.0,2.0,2.0,2.3,3.0,2.3,3.0,2.0,1.0,1.0,2.3,3.0,4.0,2.3,1.0,2.0,2.0,3.0,3.0,2.3,60,2.33,RPL
260006,Vina Mahendra,2026,2.3,3.0,1.0,4.0,4.0,3.0,4.0,3.3,3.7,1.0,2.0,2.3,4.0,2.7,4.0,3.0,3.3,3.3,1.0,4.0,60,2.94,RPL
260007,Putu Barus,2026,2.3,3.7,4.0,4.0,2.3,2.0,2.7,4.0,4.0,3.0,3.3,3.3,2.7,3.0,2.3,2.7,3.0,2.0,3.7,3.0,60,3.05,AI Engineering
260008,Maya Fitriani,2026,3.3,3.0,3.0,3.7,1.0,2.7,2.3,4.0,3.7,2.0,2.3,3.0,3.0,3.0,3.7,3.3,3.0,3.7,3.3,3.3,60,3.01,Cyber Security
260009,Lani Pohan,2026,3.0,2.3,3.0,3.7,2.0,2.3,2.0,3.3,3.7,3.3,3.7,2.7,3.3,3.0,3.3,3.7,2.3,4.0,4.0,3.7,60,3.12,Cyber Security
260010,Nina Utami,2026,3.3,2.3,2.7,4.0,3.0,3.0,2.0,3.7,3.3,3.7,2.3,3.3,2.3,2.3,3.3,3.7,2.7,2.3,2.0,2.3,60,2.87,Cyber Security
260011,Andi Pratama,2026,4.0,2.7,2.3,3.0,1.0,1.0,2.3,3.7,3.3,2.3,3.7,3.7,1.0,3.7,3.0,2.7,4.0,4.0,3.3,3.0,60,2.89,AI Engineering
260012,Gani Pratama,2026,2.0,2.7,1.0,2.0,3.3,3.7,3.0,3.7,3.7,4.0,4.0,4.0,2.0,3.7,2.0,1.0,3.7,2.7,3.3,3.0,60,2.92,AI Engineering
260013,Doni Harahap,2026,2.7,2.0,2.0,3.0,2.3,4.0,2.3,2.7,3.7,2.3,3.0,3.7,1.0,3.0,2.3,2.3,2.3,2.7,2.3,3.0,60,2.63,AI Engineering
260014,Rina Siregar,2026,3.0,2.3,2.7,3.3,2.3,2.7,1.0,4.0,2.7,2.3,2.7,2.7,1.0,1.0,3.0,4.0,3.3,3.0,3.3,4.0,60,2.71,Cyber Security
260015,Taufik Mulyono,2026,3.7,3.0,3.7,4.0,1.0,4.0,3.0,4.0,3.7,2.7,3.7,2.7,2.7,3.0,3.0,3.7,3.0,2.0,3.7,3.0,60,3.17,Cyber Security
260016,Maya Wijaya,2026,3.0,2.0,4.0,3.7,2.0,3.0,2.0,4.0,3.7,1.0,2.7,3.7,1.0,1.0,3.7,4.0,3.3,4.0,2.0,2.7,60,2.83,Cyber Security
260017,Lani Pasaribu,2026,2.3,2.3,4.0,3.3,4.0,2.7,4.0,3.3,3.3,3.3,2.0,4.0,3.7,2.0,2.7,1.0,2.3,4.0,3.7,2.7,60,3.03,RPL
260018,Dedi Ramadhan,2026,3.7,3.7,1.0,3.7,3.7,4.0,1.0,2.3,3.0,2.0,3.7,3.0,1.0,3.0,2.0,1.0,2.0,2.7,3.7,4.0,60,2.71,AI Engineering
260019,Hendra Pasaribu,2026,3.7,2.7,3.3,1.0,3.3,2.3,3.7,4.0,2.0,2.7,3.7,1.0,4.0,3.3,2.0,2.3,1.0,3.3,2.0,2.3,60,2.68,RPL
260020,Siti Wijaya,2026,3.7,2.0,2.7,3.7,2.0,2.0,4.0,3.7,3.7,2.7,1.0,2.7,4.0,4.0,3.7,3.3,2.7,3.0,3.3,4.0,60,3.09,Cyber Security
260021,Dedi Kurniawan,2026,3.3,3.7,2.0,3.7,2.7,2.0,2.7,3.7,3.0,4.0,4.0,3.7,2.3,2.0,2.7,3.0,4.0,2.0,3.0,2.7,60,3.01,Cyber Security
260022,Made Siahaan,2026,2.3,2.0,2.0,2.7,3.0,2.7,2.7,3.7,2.7,3.0,3.3,3.3,3.3,3.3,2.3,2.0,2.3,1.0,2.3,3.7,60,2.68,AI Engineering
260023,Joko Wijaya,2026,3.7,2.7,1.0,3.3,2.3,2.3,2.3,4.0,1.0,3.3,3.3,2.3,4.0,2.7,2.3,3.7,2.0,2.0,3.7,3.3,60,2.76,Cyber Security
260024,Fajar Ginting,2026,3.0,2.0,3.3,1.0,3.0,2.3,3.0,1.0,3.3,3.0,4.0,3.0,1.0,4.0,3.0,3.3,4.0,3.3,2.7,3.7,60,2.85,AI Engineering
260025,Dadan Ginting,2026,4.0,3.0,2.7,2.0,3.0,2.7,2.0,3.0,1.0,3.3,3.0,3.3,2.3,3.3,3.0,3.0,1.0,2.7,3.7,4.0,60,2.8,AI Engineering
260026,Iwan Puspita,2026,2.7,4.0,2.0,3.0,3.3,4.0,4.0,2.0,3.0,2.7,2.0,2.7,4.0,3.3,3.0,1.0,3.3,3.3,2.3,2.7,60,2.92,RPL
260027,Hana Ginting,2026,3.3,2.0,3.7,3.0,1.0,3.3,3.0,4.0,4.0,2.7,2.3,4.0,2.3,2.0,3.0,3.7,4.0,2.3,2.3,3.3,60,2.96,Cyber Security
260028,Indah Pratama,2026,3.0,1.0,2.0,2.3,4.0,2.7,3.3,3.7,4.0,2.0,1.0,3.3,3.7,3.7,1.0,2.3,2.0,3.0,3.7,2.7,60,2.72,RPL
260029,Gita Simanjuntak,2026,2.0,1.0,2.0,3.0,2.3,4.0,3.7,2.3,1.0,2.3,3.3,3.0,3.3,4.0,2.0,1.0,2.0,1.0,3.7,3.7,60,2.53,AI Engineering
260030,Putri Santoso,2026,3.3,3.3,3.0,4.0,3.3,3.0,3.0,3.3,3.7,3.3,3.7,3.7,2.3,2.3,3.0,3.3,2.3,2.7,2.0,3.7,60,3.11,Cyber Security
260031,Ayu Utami,2026,2.0,2.3,1.0,2.0,4.0,1.0,3.3,1.0,1.0,3.0,3.3,3.7,3.0,2.3,2.0,2.3,3.0,3.3,3.0,1.0,60,2.37,RPL
260032,Bagas Ramadhan,2026,2.3,3.0,3.7,2.0,3.0,2.0,3.3,2.0,3.0,3.7,2.0,3.3,3.3,2.0,1.0,3.3,2.3,4.0,2.7,2.3,60,2.71,RPL
260033,Rina Rahayu,2026,3.3,3.3,4.0,4.0,2.3,2.0,4.0,3.7,2.7,3.0,3.0,3.7,3.0,3.3,1.0,3.3,3.7,3.7,3.7,3.3,60,3.2,AI Engineering
260034,Hana Harahap,2026,3.0,2.7,2.3,1.0,3.0,1.0,3.7,1.0,3.7,2.7,4.0,2.0,3.0,2.0,3.0,3.0,3.7,3.0,2.3,2.0,60,2.6,RPL
260035,Iwan Sembiring,2026,3.0,2.0,4.0,2.3,3.0,3.0,4.0,2.3,4.0,3.7,3.0,2.7,3.3,2.0,2.7,1.0,4.0,3.7,3.3,2.0,60,2.95,RPL
260036,Andi Al-Faris,2026,2.0,3.0,2.7,3.0,2.0,2.3,4.0,3.0,1.0,2.7,3.0,3.3,4.0,2.3,2.7,3.7,2.0,1.0,1.0,3.0,60,2.58,Cyber Security
260037,Doni Situmorang,2026,3.0,2.3,1.0,2.0,2.0,4.0,3.3,1.0,2.0,4.0,3.0,3.0,2.7,4.0,3.3,3.0,3.3,2.7,4.0,3.0,60,2.83,AI Engineering
260038,Citra Sari,2026,3.3,4.0,3.0,3.0,3.0,2.7,3.7,2.3,2.0,1.0,3.3,3.7,1.0,3.0,3.3,3.3,3.0,3.0,1.0,3.3,60,2.79,AI Engineering
260039,Budi Mulyono,2026,4.0,3.7,3.3,3.0,2.0,3.3,2.0,3.3,2.0,3.0,3.0,2.7,4.0,3.7,3.0,3.7,3.3,3.3,2.3,1.0,60,2.98,Cyber Security
260040,Lani Sitepu,2026,3.7,3.7,3.7,2.3,3.0,2.7,4.0,3.7,2.0,2.3,2.3,2.7,3.3,2.7,4.0,3.3,2.7,3.0,2.0,2.7,60,2.99,RPL
260041,Maya Manurung,2026,1.0,3.0,3.0,3.0,3.7,2.3,4.0,3.3,3.0,2.3,3.7,3.7,3.0,4.0,2.3,3.7,3.0,3.7,2.3,3.3,60,3.07,AI Engineering
260042,Euis Aminah,2026,2.0,2.3,1.0,4.0,2.3,2.3,3.0,2.3,2.0,2.7,4.0,4.0,2.3,3.0,3.3,2.0,3.7,4.0,2.7,4.0,60,2.85,AI Engineering
260043,Bambang Aminah,2026,2.7,4.0,2.3,3.7,3.7,1.0,3.7,3.0,1.0,2.3,4.0,3.7,3.0,2.3,1.0,3.7,1.0,2.3,3.3,2.7,60,2.72,Cyber Security
260044,Made Mulyono,2026,4.0,2.0,2.3,3.7,3.7,2.0,1.0,3.7,3.0,4.0,4.0,4.0,2.7,3.7,2.3,3.7,2.7,3.3,2.3,3.3,60,3.07,Cyber Security
260045,Citra Kurniawan,2026,2.7,3.0,3.0,3.0,3.0,2.0,4.0,3.3,2.7,3.3,4.0,2.3,4.0,2.0,3.0,3.0,3.3,3.7,3.0,2.3,60,3.03,RPL
260046,Siska Wulandari,2026,2.0,1.0,3.0,3.0,2.7,2.0,2.3,3.7,2.7,1.0,3.3,3.3,3.3,3.0,4.0,4.0,3.0,2.7,4.0,2.7,60,2.83,Cyber Security
260047,Lani Aminah,2026,1.0,2.0,3.7,2.7,3.3,3.0,2.7,1.0,2.7,3.3,3.0,3.7,3.0,4.0,2.7,4.0,3.0,3.7,3.0,3.7,60,2.96,AI Engineering
260048,Dewi Manurung,2026,4.0,2.3,3.3,3.7,3.3,2.7,2.0,4.0,3.7,4.0,4.0,1.0,3.0,3.0,4.0,4.0,3.0,2.3,2.0,2.0,60,3.06,Cyber Security
260049,Joko Hardi,2026,2.7,2.3,4.0,2.7,2.3,1.0,2.7,2.3,2.7,2.3,3.3,3.0,2.3,4.0,3.3,3.0,3.0,2.3,3.0,3.7,60,2.79,AI Engineering
260050,Joko Utami,2026,1.0,1.0,2.7,2.3,3.7,3.7,1.0,2.7,3.0,2.0,3.3,4.0,1.0,4.0,2.7,3.3,2.7,3.3,2.3,3.3,60,2.65,AI Engineering
260051,Bambang Pohan,2026,3.7,2.3,3.0,1.0,4.0,3.7,3.7,1.0,3.0,3.0,2.7,2.0,3.0,3.7,2.0,4.0,4.0,3.3,3.7,2.7,60,2.98,RPL
260052,Zaki Sembiring,2026,3.7,3.7,4.0,2.7,3.0,3.3,3.7,3.3,3.0,3.7,3.0,2.0,3.7,3.3,1.0,2.7,4.0,3.3,1.0,2.0,60,3.0,RPL
260053,Rosa Lubis,2026,3.7,2.3,1.0,3.0,3.0,1.0,3.7,4.0,4.0,3.0,3.0,3.7,3.3,3.0,3.0,2.7,2.7,4.0,2.3,2.7,60,2.96,RPL
260054,Rosa Lestari,2026,4.0,1.0,3.0,3.0,3.3,3.0,2.0,4.0,2.0,3.7,3.0,3.7,4.0,3.3,2.3,3.7,2.3,1.0,1.0,3.7,60,2.85,AI Engineering
260055,Budi Mahendra,2026,4.0,1.0,3.3,2.7,3.0,3.3,3.3,2.3,2.7,3.0,3.0,4.0,3.7,2.7,3.0,2.7,3.0,3.0,3.7,3.3,60,3.04,RPL
260056,Nina Lubis,2026,3.0,4.0,2.3,2.3,4.0,2.7,3.7,1.0,3.0,2.7,3.3,2.0,4.0,2.0,2.3,2.3,3.7,3.0,2.7,3.3,60,2.86,RPL
260057,Iwan Chaniago,2026,1.0,3.0,3.3,3.7,2.0,4.0,2.7,4.0,3.7,3.0,2.3,3.0,2.0,2.7,3.7,3.0,2.3,3.0,4.0,3.7,60,3.0,Cyber Security
260058,Eko Chaniago,2026,3.0,2.0,2.0,3.7,3.0,2.3,4.0,3.3,3.0,4.0,3.7,2.0,3.3,3.0,3.7,3.3,1.0,3.3,3.7,4.0,60,3.06,Cyber Security
260059,Taufik Utami,2026,3.7,3.0,2.3,4.0,3.3,2.0,3.7,3.0,4.0,1.0,2.3,2.0,4.0,4.0,4.0,3.3,2.3,2.7,2.0,3.3,60,2.99,Cyber Security
260060,Bambang Ramadhan,2026,2.3,3.3,3.3,4.0,3.7,2.0,3.7,2.0,2.0,2.7,2.0,3.7,3.3,1.0,2.3,2.0,2.7,3.0,1.0,3.7,60,2.68,RPL
260061,Maya Siahaan,2026,2.0,2.0,2.3,2.3,3.3,1.0,1.0,3.3,2.7,3.0,3.0,3.7,2.3,3.0,2.0,2.3,2.3,3.0,2.7,3.3,60,2.52,AI Engineering
260062,Aris Pratama,2026,3.3,2.3,2.0,2.3,3.3,2.3,4.0,3.3,3.7,3.7,3.0,2.0,3.0,2.0,3.3,3.3,1.0,4.0,3.7,2.7,60,2.91,RPL
260063,Nina Zulkarnain,2026,2.7,2.3,2.3,3.0,3.0,3.0,3.3,3.7,2.0,3.3,3.3,3.3,3.3,3.0,2.7,3.0,3.3,2.3,3.0,2.3,60,2.9,Cyber Security
260064,Gani Siahaan,2026,3.0,2.3,3.3,3.7,2.3,2.7,1.0,3.3,4.0,4.0,4.0,3.3,2.0,3.0,3.0,2.7,2.7,2.0,3.7,3.0,60,2.95,AI Engineering
260065,Dadan Wulandari,2026,3.7,3.0,2.0,4.0,4.0,4.0,2.7,2.7,2.0,2.7,3.3,3.0,2.0,4.0,3.7,2.3,1.0,2.7,1.0,3.7,60,2.88,AI Engineering
260066,Aris Situmorang,2026,3.7,1.0,4.0,3.7,2.7,1.0,4.0,4.0,2.0,3.3,3.0,4.0,4.0,3.0,4.0,3.0,3.3,3.0,4.0,2.3,60,3.15,Cyber Security
260067,Joko Al-Faris,2026,3.7,3.3,4.0,2.0,3.3,3.3,4.0,2.3,2.7,3.7,4.0,2.3,3.3,3.7,2.7,2.7,2.3,3.0,2.0,2.0,60,3.02,RPL
260068,Budi Pratama,2026,4.0,2.0,2.0,4.0,3.0,3.7,3.0,4.0,4.0,3.0,3.7,4.0,2.0,3.0,2.3,2.7,3.0,3.3,3.3,3.7,60,3.19,AI Engineering
260069,Indah Pohan,2026,3.0,3.3,1.0,3.7,3.3,2.3,3.3,3.0,2.7,3.0,3.7,2.0,3.7,2.7,1.0,3.0,1.0,4.0,3.3,3.3,60,2.82,RPL
260070,Fajar Hardi,2026,1.0,4.0,2.0,2.3,4.0,4.0,3.0,2.0,1.0,2.7,2.7,3.7,4.0,2.7,3.3,4.0,2.3,3.7,2.3,2.3,60,2.85,RPL
260071,Hana Tanjung,2026,3.7,1.0,3.0,3.3,3.0,1.0,1.0,3.3,3.0,3.3,3.7,3.3,2.0,4.0,2.0,3.0,2.7,2.3,1.0,3.7,60,2.67,AI Engineering
260072,Citra Susanto,2026,3.3,3.3,2.0,2.7,3.3,1.0,4.0,3.3,3.3,2.7,4.0,3.3,3.7,2.0,4.0,2.3,4.0,3.7,3.7,3.7,60,3.17,RPL
260073,Ayu Harahap,2026,2.0,3.7,3.7,4.0,3.7,2.0,3.0,3.3,2.3,3.0,3.7,2.0,4.0,3.3,3.0,3.7,4.0,1.0,2.3,3.0,60,3.04,Cyber Security
260074,Ayu Setiawan,2026,4.0,1.0,2.3,3.7,4.0,2.3,2.7,3.7,3.7,1.0,2.7,1.0,2.3,3.7,2.3,3.7,3.7,3.3,2.0,3.7,60,2.84,Cyber Security
260075,Dadan Al-Faris,2026,3.7,1.0,4.0,4.0,1.0,3.3,3.7,3.7,4.0,2.7,2.7,1.0,3.3,2.3,3.3,4.0,1.0,4.0,3.3,2.0,60,2.9,Cyber Security
260076,Rizky Aminah,2026,2.3,3.7,2.3,2.0,4.0,2.0,3.7,1.0,3.0,1.0,3.3,3.0,3.0,2.3,3.3,2.0,3.0,3.0,2.3,3.7,60,2.69,RPL
260077,Nyoman Simanjuntak,2026,4.0,2.3,2.0,3.3,3.3,2.3,3.3,2.3,4.0,4.0,2.0,3.3,3.7,3.3,3.7,3.7,3.7,4.0,4.0,2.3,60,3.23,RPL
260078,Tania Zulkarnain,2026,2.7,3.7,1.0,4.0,3.7,1.0,3.7,2.3,2.7,2.7,2.0,2.3,3.3,3.0,1.0,2.0,2.7,3.7,2.0,2.0,60,2.58,RPL
260079,Gita Barus,2026,2.7,1.0,3.0,2.3,3.0,3.3,3.3,2.0,2.0,2.0,2.7,3.0,3.3,3.7,2.3,2.0,2.3,4.0,2.7,3.0,60,2.68,RPL
260080,Lani Saputra,2026,4.0,2.7,3.7,4.0,3.0,1.0,3.0,4.0,4.0,2.3,4.0,2.3,3.0,1.0,2.3,4.0,4.0,3.0,4.0,3.0,60,3.11,RPL
260081,Hana Utami,2026,3.0,3.0,4.0,2.3,2.7,3.7,4.0,2.7,2.3,3.3,3.7,3.7,2.3,3.3,2.3,2.3,2.3,4.0,2.7,3.0,60,3.03,AI Engineering
260082,Budi Pasaribu,2026,2.3,1.0,2.3,3.7,3.3,3.0,1.0,3.0,2.7,3.7,2.7,4.0,2.7,2.0,1.0,4.0,3.0,2.7,3.7,1.0,60,2.64,Cyber Security
260083,Budi Saputra,2026,3.7,2.7,2.0,2.0,3.7,3.7,1.0,3.0,3.7,2.3,3.3,3.7,2.3,3.7,2.7,3.3,3.3,1.0,2.7,3.7,60,2.88,AI Engineering
260084,Hana Zulkarnain,2026,1.0,4.0,4.0,3.3,3.7,2.7,3.7,2.7,3.3,3.0,4.0,3.3,3.7,3.7,1.0,2.3,3.3,2.3,3.7,3.0,60,3.08,AI Engineering
260085,Dewi Sembiring,2026,1.0,1.0,2.3,3.7,3.0,2.0,1.0,3.7,1.0,3.3,1.0,4.0,1.0,1.0,3.7,3.3,2.7,1.0,3.0,2.3,60,2.25,Cyber Security
260086,Bambang Situmorang,2026,4.0,3.7,3.3,3.7,3.3,4.0,3.0,2.7,2.0,3.7,3.3,4.0,3.0,3.7,4.0,3.7,2.7,3.7,1.0,3.0,60,3.27,RPL
260087,Nina Ginting,2026,2.7,3.3,2.0,2.3,2.7,4.0,2.7,3.0,4.0,2.3,3.0,4.0,3.3,3.0,2.0,1.0,2.0,3.0,4.0,3.7,60,2.9,AI Engineering
260088,Vina Manurung,2026,2.7,1.0,2.0,3.3,3.0,2.0,3.0,3.0,3.7,2.3,3.7,2.7,3.0,4.0,2.0,1.0,3.7,3.3,3.7,3.7,60,2.84,RPL
260089,Made Pratama,2026,3.7,4.0,2.7,3.7,3.7,1.0,3.3,3.7,3.0,3.3,2.3,3.7,4.0,2.3,3.0,3.0,3.7,4.0,3.0,3.0,60,3.2,RPL
260090,Gita Fitriani,2026,2.3,4.0,3.7,4.0,4.0,2.0,3.0,3.3,2.7,2.0,2.3,3.7,3.7,4.0,2.7,2.7,2.0,3.3,2.7,2.3,60,3.02,RPL
260091,Ayu Wulandari,2026,3.3,2.7,3.7,3.7,4.0,4.0,3.0,2.7,3.7,2.0,4.0,2.3,3.7,3.0,1.0,3.3,1.0,3.7,2.0,3.3,60,3.0,RPL
260092,Farhan Setiawan,2026,1.0,3.0,2.0,2.7,3.0,3.0,3.0,4.0,3.7,3.3,3.0,2.3,4.0,3.7,2.7,2.7,3.3,3.3,4.0,2.3,60,3.0,RPL
260093,Gani Al-Faris,2026,1.0,3.7,3.0,3.0,3.3,1.0,3.7,3.7,1.0,2.7,2.7,3.0,3.3,2.3,4.0,2.0,2.3,3.3,2.0,4.0,60,2.75,RPL
260094,Dedi Chaniago,2026,4.0,2.3,3.7,4.0,3.0,3.0,3.7,3.3,3.0,2.7,2.3,3.3,3.7,3.0,3.0,2.0,2.7,4.0,2.0,2.7,60,3.07,RPL
260095,Agus Susanto,2026,3.7,3.0,2.7,2.7,4.0,4.0,3.0,1.0,2.0,4.0,4.0,3.0,1.0,3.3,1.0,2.0,3.3,3.7,2.7,3.7,60,2.89,AI Engineering
260096,Hendra Lestari,2026,3.3,2.7,3.3,2.7,1.0,2.0,2.3,3.3,2.7,2.0,4.0,4.0,2.0,3.0,3.0,2.7,3.0,2.7,2.7,4.0,60,2.82,AI Engineering
260097,Nyoman Santoso,2026,3.7,3.7,3.7,2.3,3.0,2.7,3.0,2.7,2.0,4.0,1.0,1.0,4.0,3.3,4.0,4.0,2.0,3.0,2.7,1.0,60,2.84,RPL
260098,Dewi Barus,2026,3.3,3.3,2.0,3.3,3.3,1.0,4.0,3.7,2.0,2.0,2.3,4.0,4.0,3.3,3.3,3.7,3.0,3.0,3.3,2.7,60,3.02,Cyber Security
260099,Made Zulkarnain,2026,2.0,3.7,3.0,3.7,2.0,3.0,2.7,4.0,3.0,2.3,1.0,1.0,2.7,2.3,2.3,3.3,1.0,4.0,3.7,4.0,60,2.73,Cyber Security
260100,Dedi Pratama,2026,3.0,2.3,3.3,3.3,2.0,2.3,1.0,4.0,3.7,2.0,3.7,3.7,2.0,4.0,1.0,3.7,4.0,3.3,3.7,4.0,60,3.0,AI Engineering
260101,Euis Aminah,2026,4.0,2.7,2.3,3.7,2.7,3.3,2.3,3.3,3.3,2.0,3.0,3.0,1.0,3.0,4.0,3.0,3.3,1.0,3.3,3.0,60,2.86,Cyber Security
260102,Tania Ramadhan,2026,3.3,4.0,2.3,3.7,3.7,3.3,3.3,2.0,4.0,2.0,2.3,1.0,3.3,2.3,2.0,1.0,2.0,3.7,1.0,1.0,60,2.56,RPL
260103,Euis Lubis,2026,2.7,4.0,3.7,3.0,2.0,4.0,4.0,4.0,2.0,2.7,2.7,4.0,4.0,4.0,4.0,3.7,1.0,2.3,1.0,2.7,60,3.08,Cyber Security
260104,Fajar Nasution,2026,4.0,3.0,2.0,2.0,1.0,4.0,3.3,3.0,3.7,3.3,3.0,4.0,1.0,4.0,3.3,3.3,2.3,4.0,3.7,3.7,60,3.08,AI Engineering
260105,Hendra Chaniago,2026,4.0,2.0,1.0,2.3,4.0,4.0,3.3,3.3,4.0,2.3,2.0,4.0,4.0,4.0,3.0,3.3,1.0,3.7,2.7,3.0,60,3.05,RPL
260106,Taufik Barus,2026,2.0,2.3,3.7,4.0,3.0,1.0,4.0,4.0,3.7,2.3,3.3,3.0,3.7,3.3,3.7,4.0,4.0,3.3,3.3,4.0,60,3.28,RPL
260107,Zaki Hasibuan,2026,1.0,3.7,3.7,3.0,3.0,3.3,3.0,2.7,1.0,2.3,4.0,3.3,3.0,3.3,2.7,2.3,1.0,3.3,2.0,3.3,60,2.74,AI Engineering
260108,Rosa Wijaya,2026,2.0,3.7,2.3,2.7,3.7,2.0,3.0,3.0,4.0,3.7,3.0,4.0,3.0,3.0,3.7,2.7,1.0,3.3,3.0,3.0,60,2.99,AI Engineering
260109,Rosa Siahaan,2026,2.0,4.0,4.0,1.0,3.0,3.0,3.7,3.0,1.0,3.0,3.3,2.0,4.0,3.0,2.7,2.0,2.7,3.0,1.0,2.3,60,2.69,RPL
260110,Iwan Kurniawan,2026,2.7,3.7,2.3,2.7,4.0,2.7,3.3,1.0,2.7,1.0,3.7,2.0,4.0,4.0,3.3,1.0,4.0,3.3,2.7,1.0,60,2.75,RPL
260111,Budi Setiawan,2026,4.0,4.0,4.0,3.0,4.0,4.0,3.3,2.0,4.0,3.0,3.7,4.0,3.7,2.7,1.0,4.0,3.7,3.0,2.7,3.7,60,3.38,RPL
260112,Made Fitriani,2026,3.3,3.7,3.7,3.0,2.0,3.7,3.7,4.0,4.0,2.3,3.7,4.0,2.3,4.0,4.0,3.7,2.7,4.0,3.7,3.0,60,3.42,Cyber Security
260113,Dewi Harahap,2026,2.3,2.7,2.0,4.0,1.0,3.7,3.0,3.3,1.0,3.3,2.0,3.0,1.0,3.3,3.7,3.3,2.0,4.0,1.0,2.3,60,2.59,Cyber Security
260114,Iwan Zulkarnain,2026,1.0,2.0,3.3,3.7,2.0,2.7,2.0,3.0,2.3,3.0,3.7,3.3,2.3,3.7,3.0,3.0,2.0,2.0,3.3,3.3,60,2.73,Cyber Security
260115,Rizky Siahaan,2026,2.0,2.0,3.0,4.0,2.7,2.0,3.0,3.3,3.0,3.7,3.7,4.0,3.0,3.7,4.0,3.3,2.7,2.3,3.0,3.3,60,3.08,Cyber Security
260116,Laila Sari,2026,3.3,4.0,3.7,2.3,3.7,3.3,1.0,1.0,3.7,2.7,3.3,3.0,3.0,4.0,3.3,3.3,3.0,2.7,2.7,3.7,60,3.04,AI Engineering
260117,Bagas Pratama,2026,4.0,3.0,2.3,2.3,3.3,2.0,4.0,2.7,3.3,2.7,1.0,1.0,4.0,2.0,3.3,2.0,3.7,3.3,4.0,2.0,60,2.79,RPL
260118,Fajar Mulyono,2026,2.7,3.7,3.0,4.0,3.0,1.0,3.7,3.7,2.3,2.0,2.7,3.3,3.7,3.0,3.7,3.0,3.7,1.0,1.0,1.0,60,2.76,Cyber Security
260119,Siska Hardi,2026,1.0,3.7,2.7,3.7,2.3,3.3,4.0,4.0,4.0,2.0,2.7,2.0,1.0,2.3,3.3,3.0,3.7,1.0,4.0,3.7,60,2.87,Cyber Security
260120,Euis Kurniawan,2026,2.7,3.3,4.0,2.0,4.0,3.0,3.0,1.0,1.0,3.3,2.7,1.0,3.0,3.7,2.0,1.0,4.0,3.3,3.7,3.7,60,2.77,RPL
260121,Agus Siahaan,2026,4.0,2.0,4.0,2.7,3.0,2.7,2.3,3.3,1.0,1.0,3.7,3.7,3.3,3.7,4.0,2.7,2.0,3.3,2.0,3.0,60,2.87,AI Engineering
260122,Made Zulkarnain,2026,1.0,3.0,1.0,2.7,2.7,3.0,2.3,2.3,2.0,2.7,3.7,3.3,1.0,3.7,1.0,2.7,4.0,3.0,4.0,4.0,60,2.66,AI Engineering
260123,Ayu Santoso,2026,2.7,4.0,3.0,3.0,2.3,3.7,3.0,3.3,3.3,4.0,3.3,3.0,2.7,3.0,1.0,3.7,4.0,2.3,2.7,4.0,60,3.1,Cyber Security
260124,Nina Pratama,2026,2.0,2.3,4.0,2.0,3.7,2.7,3.7,1.0,2.3,4.0,3.7,3.7,4.0,2.3,2.0,2.7,4.0,4.0,3.0,1.0,60,2.91,RPL
260125,Dedi Wulandari,2026,4.0,1.0,3.3,3.0,2.0,3.7,3.3,3.3,1.0,2.3,3.0,2.0,2.0,4.0,3.0,4.0,3.0,2.3,2.7,3.0,60,2.8,Cyber Security
260126,Hana Sitepu,2026,2.3,4.0,3.7,2.7,4.0,2.3,3.7,3.7,2.7,3.0,4.0,4.0,2.0,4.0,2.7,2.7,3.0,4.0,4.0,4.0,60,3.33,AI Engineering
260127,Dewi Saputra,2026,2.3,3.3,3.0,3.3,2.0,2.3,2.3,4.0,4.0,3.3,2.7,3.0,4.0,2.7,2.7,3.3,1.0,2.7,3.0,2.0,60,2.85,Cyber Security
260128,Lani Pasaribu,2026,3.3,2.7,3.0,2.7,4.0,3.3,4.0,2.7,2.7,3.7,2.7,3.3,4.0,1.0,3.0,4.0,3.0,3.0,3.0,3.7,60,3.14,RPL
260129,Putu Ginting,2026,3.0,4.0,3.3,2.0,4.0,1.0,4.0,3.3,3.3,2.3,3.0,2.0,3.0,3.3,3.0,3.7,2.0,4.0,2.7,4.0,60,3.05,RPL
260130,Budi Nasution,2026,2.3,2.3,2.0,2.0,3.7,3.0,3.3,3.7,1.0,3.7,4.0,2.7,3.0,4.0,3.0,2.0,1.0,3.0,1.0,1.0,60,2.58,RPL
260131,Eko Siahaan,2026,2.3,2.0,2.3,1.0,3.3,3.0,3.7,2.7,2.7,3.7,1.0,3.0,3.7,3.7,3.0,3.7,2.7,4.0,3.3,3.7,60,2.93,RPL
260132,Putu Barus,2026,3.0,3.0,2.7,2.3,3.0,3.7,4.0,2.3,3.0,2.0,3.7,3.7,4.0,2.0,3.0,4.0,3.7,3.0,2.3,2.7,60,3.06,RPL
260133,Iwan Fitriani,2026,2.0,3.0,2.3,2.3,2.0,3.0,3.0,4.0,4.0,2.7,3.0,4.0,3.7,3.0,3.0,3.0,4.0,3.3,2.3,3.3,60,3.04,AI Engineering
260134,Dewi Ginting,2026,2.7,2.0,1.0,3.3,2.7,2.0,4.0,3.3,3.3,2.0,1.0,3.7,3.3,3.0,2.3,3.7,3.3,2.0,1.0,4.0,60,2.68,Cyber Security
260135,Rosa Sembiring,2026,1.0,1.0,3.7,2.7,2.0,3.0,3.0,1.0,2.3,2.3,4.0,3.7,3.0,3.3,3.7,2.3,2.3,2.7,3.3,3.3,60,2.68,AI Engineering
260136,Agus Susanto,2026,2.7,3.7,2.7,3.7,3.3,2.3,4.0,2.7,4.0,2.7,3.7,3.0,3.7,1.0,2.7,1.0,3.3,3.3,3.3,2.3,60,2.95,RPL
260137,Nyoman Lestari,2026,3.7,2.7,3.0,3.7,3.0,3.7,2.3,3.7,2.7,1.0,3.7,3.7,1.0,3.7,2.7,2.0,2.7,3.0,3.3,3.3,60,2.93,AI Engineering
260138,Gita Wulandari,2026,2.7,1.0,4.0,3.7,2.7,4.0,2.7,3.3,3.0,4.0,3.3,3.7,1.0,3.3,3.7,3.0,2.0,3.7,2.0,3.7,60,3.03,AI Engineering
260139,Iwan Chaniago,2026,2.7,3.3,2.0,3.0,3.7,3.0,4.0,2.3,4.0,1.0,3.7,3.3,3.0,2.3,1.0,3.0,1.0,3.0,2.3,2.3,60,2.69,RPL
260140,Indah Chaniago,2026,2.7,2.7,2.0,3.7,3.7,3.7,2.3,4.0,2.7,3.7,2.0,2.7,2.0,1.0,2.3,3.0,2.3,4.0,3.3,3.3,60,2.85,Cyber Security
260141,Dewi Ginting,2026,2.7,4.0,2.0,3.3,3.3,3.7,4.0,1.0,4.0,2.0,3.0,2.0,3.0,1.0,1.0,1.0,3.3,3.7,3.0,4.0,60,2.75,RPL
260142,Lani Santoso,2026,2.7,4.0,2.7,3.3,3.0,2.3,3.7,4.0,3.3,3.0,4.0,2.7,3.3,3.0,3.0,4.0,3.0,1.0,3.0,2.3,60,3.06,Cyber Security
260143,Agus Zulkarnain,2026,3.7,2.0,2.7,2.3,3.0,1.0,3.3,2.3,4.0,1.0,2.7,2.7,3.0,3.7,3.7,3.3,4.0,3.7,2.0,3.0,60,2.86,RPL
260144,Indah Manurung,2026,1.0,1.0,3.0,3.3,2.7,3.7,3.3,3.7,4.0,2.3,4.0,3.0,2.3,3.0,2.0,2.7,3.3,3.7,3.3,3.3,60,2.93,AI Engineering
260145,Vina Puspita,2026,2.7,2.7,3.3,1.0,4.0,3.0,2.0,3.3,3.3,2.3,3.0,3.3,3.7,3.0,4.0,2.3,3.3,2.0,4.0,3.7,60,3.0,AI Engineering
260146,Bagas Nasution,2026,3.7,2.7,1.0,1.0,3.3,2.0,3.3,3.0,3.0,4.0,3.3,1.0,3.7,2.7,2.7,4.0,2.3,3.0,2.0,3.7,60,2.77,RPL
260147,Putu Siahaan,2026,1.0,2.3,3.0,3.0,4.0,1.0,4.0,3.7,2.0,4.0,3.3,4.0,2.0,3.0,2.0,3.0,4.0,3.3,3.3,2.3,60,2.91,Cyber Security
260148,Gita Santoso,2026,3.3,1.0,3.3,2.3,1.0,2.0,3.0,3.3,2.7,4.0,4.0,3.0,3.0,4.0,4.0,1.0,1.0,3.3,3.7,3.0,60,2.79,AI Engineering
260149,Siska Nasution,2026,1.0,3.7,4.0,4.0,4.0,1.0,2.3,1.0,3.3,2.0,3.3,3.7,3.0,3.0,4.0,3.3,3.7,1.0,4.0,3.7,60,2.95,AI Engineering
260150,Lani Mulyono,2026,2.3,3.7,2.0,1.0,3.7,2.0,3.3,2.0,2.0,3.7,2.0,3.0,3.3,3.7,4.0,2.7,3.0,3.7,4.0,2.7,60,2.89,RPL
260151,Indah Saputra,2026,3.0,2.7,2.7,3.3,3.3,2.3,3.3,3.0,2.7,4.0,3.3,3.3,1.0,4.0,4.0,3.3,3.0,4.0,2.0,2.7,60,3.04,Cyber Security
260152,Nina Tanjung,2026,1.0,1.0,1.0,3.3,3.7,1.0,3.3,2.3,1.0,1.0,1.0,2.3,3.7,4.0,2.0,2.7,2.7,3.3,4.0,1.0,60,2.27,RPL
260153,Fajar Ramadhan,2026,3.3,3.0,3.0,2.3,2.7,3.3,3.7,2.0,1.0,2.3,4.0,3.3,1.0,4.0,1.0,2.3,2.0,4.0,3.0,3.7,60,2.75,AI Engineering
260154,Dewi Pratama,2026,4.0,3.0,1.0,3.7,2.0,3.0,2.0,3.0,1.0,3.7,3.7,3.0,3.7,3.7,1.0,3.7,3.3,2.7,1.0,4.0,60,2.81,AI Engineering
260155,Hendra Rahayu,2026,4.0,1.0,3.0,4.0,3.3,2.7,4.0,3.7,2.0,3.0,3.7,3.0,2.0,3.0,2.7,2.0,3.0,3.3,2.7,3.7,60,2.99,AI Engineering
260156,Gani Simanjuntak,2026,4.0,2.0,3.3,4.0,2.3,3.3,3.3,3.3,1.0,2.3,1.0,2.0,3.0,2.7,2.7,3.7,3.7,2.0,3.7,3.3,60,2.83,Cyber Security
260157,Euis Pasaribu,2026,3.3,2.0,4.0,4.0,1.0,1.0,1.0,3.7,1.0,2.3,2.7,2.3,4.0,2.7,2.0,3.3,2.7,2.0,2.0,4.0,60,2.55,Cyber Security
260158,Andi Sari,2026,1.0,2.0,2.3,3.7,4.0,1.0,3.3,3.3,2.3,2.7,3.0,2.0,3.0,4.0,1.0,3.0,2.3,4.0,2.0,3.0,60,2.65,RPL
260159,Citra Lestari,2026,3.0,4.0,4.0,4.0,2.7,3.0,4.0,3.0,2.3,4.0,3.0,3.3,2.0,4.0,3.7,1.0,4.0,2.0,1.0,3.3,60,3.06,AI Engineering
260160,Ayu Utami,2026,2.0,4.0,1.0,2.0,1.0,2.3,2.7,2.7,3.0,3.3,3.3,4.0,3.0,3.3,2.0,2.0,3.0,2.3,2.0,3.0,60,2.59,AI Engineering
260161,Budi Mulyono,2026,3.0,4.0,1.0,3.0,3.7,3.0,4.0,3.7,3.0,3.0,3.3,4.0,3.3,3.7,2.3,3.7,2.7,2.7,2.7,4.0,60,3.19,AI Engineering
260162,Eko Tanjung,2026,3.3,2.3,3.3,2.3,4.0,2.3,4.0,2.7,1.0,3.3,2.3,1.0,3.3,3.7,3.7,3.0,3.7,3.3,2.0,1.0,60,2.78,RPL
260163,Rizky Siregar,2026,2.3,4.0,2.0,3.7,3.0,2.7,3.0,1.0,2.0,3.3,3.7,3.3,3.3,3.7,3.7,2.7,2.0,3.3,3.7,3.7,60,3.01,RPL
260164,Rosa Mulyono,2026,2.7,4.0,2.3,3.3,3.0,3.3,3.0,2.7,2.0,4.0,3.3,3.7,3.3,3.3,3.7,2.3,3.0,3.0,4.0,3.3,60,3.16,AI Engineering
260165,Euis Siregar,2026,3.0,3.3,2.0,3.3,3.0,3.0,1.0,3.3,2.0,3.0,2.7,2.7,2.3,4.0,2.0,3.7,3.3,3.0,3.3,2.3,60,2.81,Cyber Security
260166,Iwan Fitriani,2026,2.3,3.0,4.0,3.3,3.7,1.0,3.3,1.0,3.3,3.3,2.7,2.7,4.0,2.0,2.7,2.0,2.3,4.0,2.0,2.0,60,2.73,RPL
260167,Dedi Siregar,2026,3.0,4.0,2.0,4.0,3.3,4.0,3.3,4.0,2.3,3.7,3.0,2.3,3.3,2.3,3.3,3.7,2.7,3.3,3.0,2.3,60,3.14,Cyber Security
260168,Maya Pohan,2026,4.0,2.3,2.7,3.3,3.3,3.7,3.7,3.3,1.0,3.3,2.3,2.0,2.7,2.7,4.0,3.3,4.0,2.3,3.7,2.0,60,2.98,Cyber Security
260169,Laila Kurniawan,2026,3.7,2.0,2.7,3.0,3.3,3.0,3.3,3.0,2.0,3.7,3.7,3.7,3.7,1.0,3.0,4.0,3.0,4.0,2.0,2.7,60,3.03,RPL
260170,Joko Chaniago,2026,1.0,4.0,3.7,3.0,1.0,1.0,1.0,3.3,4.0,2.3,2.0,3.0,2.3,3.7,2.7,4.0,1.0,3.0,3.3,2.7,60,2.6,Cyber Security
260171,Taufik Ramadhan,2026,3.0,1.0,4.0,3.0,3.7,3.3,3.7,3.3,2.7,2.0,2.0,3.3,2.3,2.3,3.7,3.3,3.7,2.7,2.0,2.7,60,2.89,Cyber Security
260172,Putu Harahap,2026,4.0,4.0,1.0,3.3,2.0,3.3,4.0,2.7,4.0,3.3,4.0,3.3,2.7,3.7,2.3,4.0,4.0,3.3,3.0,3.0,60,3.25,AI Engineering
260173,Doni Susanto,2026,2.7,2.3,2.0,3.0,4.0,2.3,3.7,4.0,2.7,4.0,3.3,1.0,3.3,3.0,3.7,3.0,1.0,3.0,2.0,2.7,60,2.83,RPL
260174,Made Hasibuan,2026,2.7,4.0,2.3,4.0,1.0,1.0,3.0,3.0,3.7,4.0,1.0,3.0,2.0,3.0,3.7,3.7,2.7,2.7,1.0,2.7,60,2.71,Cyber Security
260175,Rizky Saputra,2026,1.0,3.7,2.3,2.3,4.0,4.0,2.0,2.3,4.0,4.0,3.7,3.3,4.0,3.3,2.7,2.0,2.0,3.3,2.3,4.0,60,3.01,AI Engineering
260176,Andi Susanto,2026,2.0,2.7,3.0,3.7,3.0,3.0,2.3,1.0,3.7,3.7,4.0,3.3,3.0,3.0,3.3,2.3,2.7,2.0,3.3,3.3,60,2.91,AI Engineering
260177,Doni Puspita,2026,3.0,4.0,3.0,4.0,2.0,2.3,2.0,3.0,3.3,2.3,1.0,4.0,1.0,3.3,2.3,3.7,4.0,3.3,3.3,2.0,60,2.84,Cyber Security
260178,Hendra Chaniago,2026,4.0,3.3,2.3,3.0,3.7,2.0,2.0,3.0,3.3,3.7,2.7,1.0,2.0,2.7,1.0,3.3,2.0,2.0,2.3,2.7,60,2.6,Cyber Security
260179,Maya Ramadhan,2026,2.0,2.3,3.3,1.0,3.7,3.0,3.0,2.7,3.7,4.0,2.3,1.0,3.7,2.3,2.7,2.3,2.7,3.7,2.3,3.7,60,2.77,RPL
260180,Andi Lestari,2026,1.0,1.0,2.3,3.0,4.0,2.7,3.0,3.3,3.0,2.3,4.0,3.7,3.3,2.3,3.0,3.3,3.3,3.7,2.3,4.0,60,2.92,Cyber Security
260181,Joko Barus,2026,3.7,2.0,2.3,3.3,3.3,2.7,4.0,4.0,1.0,3.0,1.0,2.3,3.3,1.0,4.0,2.7,2.0,3.7,3.3,2.0,60,2.73,RPL
260182,Dadan Saputra,2026,3.0,3.7,2.7,1.0,3.3,4.0,2.7,3.3,4.0,2.3,3.0,4.0,2.0,3.0,2.7,2.3,2.7,2.3,3.0,3.7,60,2.94,AI Engineering
260183,Tania Aminah,2026,2.3,1.0,2.7,3.3,3.0,1.0,3.3,3.7,2.0,3.0,2.0,3.0,4.0,1.0,3.7,2.0,2.3,3.3,2.0,3.7,60,2.61,RPL
260184,Rosa Aminah,2026,2.7,4.0,2.3,2.7,2.7,3.3,2.7,2.7,3.3,1.0,3.3,4.0,2.0,3.0,3.7,2.0,1.0,2.3,3.3,3.7,60,2.79,AI Engineering
260185,Dadan Hardi,2026,2.7,3.0,2.3,2.0,3.7,2.3,4.0,3.0,3.0,3.7,4.0,3.0,3.3,3.7,2.0,4.0,4.0,3.0,2.3,4.0,60,3.15,AI Engineering
260186,Taufik Manurung,2026,2.3,2.7,3.7,2.7,1.0,2.3,2.3,2.7,2.3,3.7,3.7,3.0,4.0,3.0,2.3,3.7,3.3,2.0,2.7,4.0,60,2.87,AI Engineering
260187,Andi Mahendra,2026,3.7,3.3,3.3,1.0,4.0,3.7,3.0,3.7,2.0,3.7,2.7,3.3,3.3,2.3,4.0,1.0,3.0,4.0,2.3,3.0,60,3.01,RPL
260188,Lani Aminah,2026,3.0,2.0,3.7,3.3,1.0,4.0,2.0,3.7,2.7,3.3,1.0,3.7,3.7,3.3,4.0,3.0,2.7,3.0,2.3,2.7,60,2.91,Cyber Security
260189,Ayu Manurung,2026,1.0,3.3,3.7,3.0,4.0,2.3,3.3,3.7,3.0,4.0,3.0,2.0,4.0,3.3,3.0,3.3,3.7,3.3,2.3,4.0,60,3.16,RPL
260190,Dedi Simanjuntak,2026,4.0,3.3,2.0,3.3,3.3,2.7,3.0,4.0,3.3,3.7,2.7,3.0,3.0,4.0,2.3,2.0,3.0,3.0,3.3,3.0,60,3.09,RPL
260191,Joko Mulyono,2026,1.0,2.3,3.7,2.0,3.7,1.0,4.0,1.0,4.0,2.3,3.3,3.0,3.0,2.0,3.3,3.3,3.7,3.7,2.3,3.0,60,2.78,RPL
260192,Bambang Ramadhan,2026,3.0,1.0,3.7,3.0,3.3,1.0,3.7,3.3,3.3,1.0,2.3,1.0,4.0,4.0,2.0,1.0,2.0,3.7,2.0,3.0,60,2.57,RPL
260193,Andi Siregar,2026,3.3,2.7,3.7,1.0,2.3,2.7,2.7,4.0,3.0,4.0,3.3,3.3,2.7,3.3,3.3,2.0,1.0,3.3,3.0,3.3,60,2.89,AI Engineering
260194,Gani Pasaribu,2026,2.7,3.7,4.0,4.0,3.0,3.3,3.3,4.0,1.0,3.3,3.0,4.0,3.0,2.7,4.0,2.0,2.0,3.0,1.0,3.7,60,3.04,RPL
260195,Eko Santoso,2026,2.0,1.0,2.3,3.7,1.0,3.3,4.0,4.0,2.0,3.0,2.7,3.3,3.7,3.7,2.7,3.0,4.0,3.0,3.0,2.0,60,2.87,Cyber Security
260196,Zaki Setiawan,2026,1.0,2.3,3.0,4.0,3.3,2.0,2.7,3.0,3.7,2.3,1.0,3.7,2.0,3.0,2.3,3.7,2.0,1.0,2.0,3.0,60,2.55,Cyber Security
260197,Euis Utami,2026,3.3,2.0,2.7,4.0,3.7,3.7,3.3,2.3,2.7,2.7,2.7,4.0,3.0,2.3,2.0,3.3,2.7,3.3,3.3,2.3,60,2.96,RPL
260198,Bambang Mahendra,2026,2.0,3.7,3.7,3.7,3.3,1.0,3.7,2.3,4.0,4.0,2.0,2.3,4.0,1.0,4.0,4.0,3.7,3.0,2.0,3.3,60,3.04,RPL
260199,Bagas Siahaan,2026,2.7,1.0,3.7,3.3,2.3,2.0,3.7,3.3,3.7,2.0,1.0,3.7,2.7,4.0,2.7,3.0,3.3,4.0,3.3,2.0,60,2.87,Cyber Security
260200,Taufik Chaniago,2026,3.0,2.7,3.3,3.0,3.0,3.0,3.7,3.3,4.0,3.7,2.7,1.0,2.0,2.3,2.7,3.0,4.0,2.3,3.7,3.0,60,2.97,Cyber Security
